experiment_id,start_utc,end_utc,benchmark_type,instance,source_instance,algorithm,algorithm_role,algorithm_version,seed,customer_count,station_count,vehicle_capacity,battery_capacity,battery_theoretical_lower_bound,battery_structural_lower_bound,battery_ratio,time_window_pressure,distance_metric,vehicle_count,objective_value,total_distance,total_energy,total_charged_energy,total_charging_time,status,feasible,proven_optimal,best_known_value,relative_gap,lower_bound,root_lower_bound,final_lower_bound,incumbent,optimality_gap,first_feasible_time,best_time,runtime_seconds,cpu_time_seconds,wall_clock_seconds,iterations,accepted_moves,rejected_moves,alns_destroy_statistics,alns_repair_statistics,charging_subproblem_calls,charging_subproblem_average_seconds,bpc_nodes,bpc_generated_columns,bpc_active_columns,bpc_pricing_iterations,forward_labels,backward_labels,joined_labels,labels_pruned,cuts_added,peak_memory_mb,failure_reason,raw_log_path,solution_path,threads,time_limit_seconds
primary-c101C5-or_tools_vrptw-0,2026-07-12T17:04:52.190437+00:00,2026-07-12T17:04:52.195300+00:00,Primary,c101C5,c101C5,OR_TOOLS_VRPTW,classical VRPTW baseline; no charging optimization,bd9787f5ab1df174246303e854e9be04d56fb270+dirty,0,5,3,200.0,77.75,29.732137494637012,59.464274989274024,1.3075077433303324,1.0,EUC_2D (unrounded Euclidean distance),3,234.71709679263063,234.71709679263063,234.71709679263063,0.0,0.0,invalid,False,False,247.14970649404418,,,,,,,,,0.004861165998590877,0.004068000000000016,0.004861165998590877,,,,,,,,,,,,,,,,,100.078125,battery depleted on leg 3 (C85->D0) | battery depleted on leg 3 (C100->D0),/Users/guoyiyang/Documents/GitHub/FURP-2026-Yiyang-GUO-EVRP-TW/results/week05_advanced/raw/primary-c101C5-or_tools_vrptw-0.json,/Users/guoyiyang/Documents/GitHub/FURP-2026-Yiyang-GUO-EVRP-TW/results/week05_advanced/solutions/primary-c101C5-or_tools_vrptw-0.json,1,30.0
primary-r105C5-or_tools_vrptw-0,2026-07-12T17:04:52.678209+00:00,2026-07-12T17:04:52.679888+00:00,Primary,r105C5,r105C5,OR_TOOLS_VRPTW,classical VRPTW baseline; no charging optimization,bd9787f5ab1df174246303e854e9be04d56fb270+dirty,0,5,3,200.0,60.63,27.784887978899608,55.569775957799216,1.0910607241973338,1.0,EUC_2D (unrounded Euclidean distance),2,151.1487994612179,151.1487994612179,151.1487994612179,0.0,0.0,invalid,False,False,156.08206946417084,,,,,,,,,0.0016765420004958287,0.0016769999999999285,0.0016765420004958287,,,,,,,,,,,,,,,,,100.859375,battery depleted on leg 2 (C75->C91) | battery depleted on leg 3 (C91->C95) | battery depleted on leg 4 (C95->D0) | battery depleted on leg 3 (C28->D0),/Users/guoyiyang/Documents/GitHub/FURP-2026-Yiyang-GUO-EVRP-TW/results/week05_advanced/raw/primary-r105C5-or_tools_vrptw-0.json,/Users/guoyiyang/Documents/GitHub/FURP-2026-Yiyang-GUO-EVRP-TW/results/week05_advanced/solutions/primary-r105C5-or_tools_vrptw-0.json,1,30.0
primary-r105C5-ga_vrptw-2014,2026-07-12T17:04:52.693211+00:00,2026-07-12T17:04:52.791138+00:00,Primary,r105C5,r105C5,GA_VRPTW,weak baseline; chromosome decoder has no exact station insertion,bd9787f5ab1df174246303e854e9be04d56fb270+dirty,2014,5,3,200.0,60.63,27.784887978899608,55.569775957799216,1.0910607241973338,1.0,EUC_2D (unrounded Euclidean distance),4,182.00669045105784,182.00669045105784,182.00669045105784,0.0,0.0,invalid,False,False,156.08206946417084,,,,,,,,,0.09792308299802244,0.09777800000000003,0.09792308299802244,,,,,,,,,,,,,,,,,101.015625,battery depleted on leg 2 (C78->D0),/Users/guoyiyang/Documents/GitHub/FURP-2026-Yiyang-GUO-EVRP-TW/results/week05_advanced/raw/primary-r105C5-ga_vrptw-2014.json,/Users/guoyiyang/Documents/GitHub/FURP-2026-Yiyang-GUO-EVRP-TW/results/week05_advanced/solutions/primary-r105C5-ga_vrptw-2014.json,1,30.0
primary-r105C5-ga_vrptw-2015,2026-07-12T17:04:52.804512+00:00,2026-07-12T17:04:52.903466+00:00,Primary,r105C5,r105C5,GA_VRPTW,weak baseline; chromosome decoder has no exact station insertion,bd9787f5ab1df174246303e854e9be04d56fb270+dirty,2015,5,3,200.0,60.63,27.784887978899608,55.569775957799216,1.0910607241973338,1.0,EUC_2D (unrounded Euclidean distance),4,182.00669045105784,182.00669045105784,182.00669045105784,0.0,0.0,invalid,False,False,156.08206946417084,,,,,,,,,0.09895587500068359,0.09877500000000006,0.09895587500068359,,,,,,,,,,,,,,,,,101.03125,battery depleted on leg 2 (C78->D0),/Users/guoyiyang/Documents/GitHub/FURP-2026-Yiyang-GUO-EVRP-TW/results/week05_advanced/raw/primary-r105C5-ga_vrptw-2015.json,/Users/guoyiyang/Documents/GitHub/FURP-2026-Yiyang-GUO-EVRP-TW/results/week05_advanced/solutions/primary-r105C5-ga_vrptw-2015.json,1,30.0
primary-r105C5-ga_vrptw-2016,2026-07-12T17:04:52.917807+00:00,2026-07-12T17:04:53.017123+00:00,Primary,r105C5,r105C5,GA_VRPTW,weak baseline; chromosome decoder has no exact station insertion,bd9787f5ab1df174246303e854e9be04d56fb270+dirty,2016,5,3,200.0,60.63,27.784887978899608,55.569775957799216,1.0910607241973338,1.0,EUC_2D (unrounded Euclidean distance),4,182.00669045105784,182.00669045105784,182.00669045105784,0.0,0.0,invalid,False,False,156.08206946417084,,,,,,,,,0.09931354199943598,0.09897800000000001,0.09931354199943598,,,,,,,,,,,,,,,,,101.046875,battery depleted on leg 2 (C78->D0),/Users/guoyiyang/Documents/GitHub/FURP-2026-Yiyang-GUO-EVRP-TW/results/week05_advanced/raw/primary-r105C5-ga_vrptw-2016.json,/Users/guoyiyang/Documents/GitHub/FURP-2026-Yiyang-GUO-EVRP-TW/results/week05_advanced/solutions/primary-r105C5-ga_vrptw-2016.json,1,30.0
primary-rc105C5-or_tools_vrptw-0,2026-07-12T17:04:53.212731+00:00,2026-07-12T17:04:53.214202+00:00,Primary,rc105C5,rc105C5,OR_TOOLS_VRPTW,classical VRPTW baseline; no charging optimization,bd9787f5ab1df174246303e854e9be04d56fb270+dirty,0,5,4,200.0,77.75,19.924858845171276,39.84971769034255,1.9510803214257766,1.0,EUC_2D (unrounded Euclidean distance),2,227.18474246926607,227.18474246926607,227.18474246926607,0.0,0.0,invalid,False,False,238.05223158918278,,,,,,,,,0.0014677919971290976,0.0014599999999997948,0.0014677919971290976,,,,,,,,,,,,,,,,,101.09375,battery depleted on leg 3 (C22->D0) | battery depleted on leg 2 (C36->C55) | battery depleted on leg 3 (C55->C82) | battery depleted on leg 4 (C82->D0),/Users/guoyiyang/Documents/GitHub/FURP-2026-Yiyang-GUO-EVRP-TW/results/week05_advanced/raw/primary-rc105C5-or_tools_vrptw-0.json,/Users/guoyiyang/Documents/GitHub/FURP-2026-Yiyang-GUO-EVRP-TW/results/week05_advanced/solutions/primary-rc105C5-or_tools_vrptw-0.json,1,30.0
primary-rc105C5-ga_vrptw-2014,2026-07-12T17:04:53.226943+00:00,2026-07-12T17:04:53.324602+00:00,Primary,rc105C5,rc105C5,GA_VRPTW,weak baseline; chromosome decoder has no exact station insertion,bd9787f5ab1df174246303e854e9be04d56fb270+dirty,2014,5,4,200.0,77.75,19.924858845171276,39.84971769034255,1.9510803214257766,1.0,EUC_2D (unrounded Euclidean distance),4,251.83384026827332,251.83384026827332,251.83384026827332,0.0,0.0,invalid,False,False,238.05223158918278,,,,,,,,,0.09765574999983073,0.09749600000000003,0.09765574999983073,,,,,,,,,,,,,,,,,101.109375,battery depleted on leg 2 (C36->D0),/Users/guoyiyang/Documents/GitHub/FURP-2026-Yiyang-GUO-EVRP-TW/results/week05_advanced/raw/primary-rc105C5-ga_vrptw-2014.json,/Users/guoyiyang/Documents/GitHub/FURP-2026-Yiyang-GUO-EVRP-TW/results/week05_advanced/solutions/primary-rc105C5-ga_vrptw-2014.json,1,30.0
primary-rc105C5-ga_vrptw-2015,2026-07-12T17:04:53.337856+00:00,2026-07-12T17:04:53.435784+00:00,Primary,rc105C5,rc105C5,GA_VRPTW,weak baseline; chromosome decoder has no exact station insertion,bd9787f5ab1df174246303e854e9be04d56fb270+dirty,2015,5,4,200.0,77.75,19.924858845171276,39.84971769034255,1.9510803214257766,1.0,EUC_2D (unrounded Euclidean distance),4,251.83384026827332,251.83384026827332,251.83384026827332,0.0,0.0,invalid,False,False,238.05223158918278,,,,,,,,,0.09792645899869967,0.09782100000000016,0.09792645899869967,,,,,,,,,,,,,,,,,101.125,battery depleted on leg 2 (C36->D0),/Users/guoyiyang/Documents/GitHub/FURP-2026-Yiyang-GUO-EVRP-TW/results/week05_advanced/raw/primary-rc105C5-ga_vrptw-2015.json,/Users/guoyiyang/Documents/GitHub/FURP-2026-Yiyang-GUO-EVRP-TW/results/week05_advanced/solutions/primary-rc105C5-ga_vrptw-2015.json,1,30.0
primary-rc105C5-ga_vrptw-2016,2026-07-12T17:04:53.448780+00:00,2026-07-12T17:04:53.546413+00:00,Primary,rc105C5,rc105C5,GA_VRPTW,weak baseline; chromosome decoder has no exact station insertion,bd9787f5ab1df174246303e854e9be04d56fb270+dirty,2016,5,4,200.0,77.75,19.924858845171276,39.84971769034255,1.9510803214257766,1.0,EUC_2D (unrounded Euclidean distance),4,251.83384026827332,251.83384026827332,251.83384026827332,0.0,0.0,invalid,False,False,238.05223158918278,,,,,,,,,0.09763050000037765,0.09731000000000001,0.09763050000037765,,,,,,,,,,,,,,,,,101.125,battery depleted on leg 2 (C36->D0),/Users/guoyiyang/Documents/GitHub/FURP-2026-Yiyang-GUO-EVRP-TW/results/week05_advanced/raw/primary-rc105C5-ga_vrptw-2016.json,/Users/guoyiyang/Documents/GitHub/FURP-2026-Yiyang-GUO-EVRP-TW/results/week05_advanced/solutions/primary-rc105C5-ga_vrptw-2016.json,1,30.0
primary-c104C10-branch_price_and_cut-0,2026-07-12T17:04:53.560573+00:00,2026-07-12T17:04:53.560573+00:00,Primary,c104C10,c104C10,BRANCH_PRICE_AND_CUT,small-scale exact theoretical reference,bd9787f5ab1df174246303e854e9be04d56fb270+dirty,0,10,4,200.0,77.75,26.1725046566048,52.3450093132096,1.4853373993073162,1.0,EUC_2D (unrounded Euclidean distance),,,,,,,not_applicable,False,False,,,,,,,,,,0.0,0.0,0.0,,,,,,,,,,,,,,,,,0.0,exact enumerated-column BPC is limited to at most 8 customers,/Users/guoyiyang/Documents/GitHub/FURP-2026-Yiyang-GUO-EVRP-TW/results/week05_advanced/raw/primary-c104C10-branch_price_and_cut-0.json,/Users/guoyiyang/Documents/GitHub/FURP-2026-Yiyang-GUO-EVRP-TW/results/week05_advanced/solutions/primary-c104C10-branch_price_and_cut-0.json,1,30.0
primary-c104C10-or_tools_vrptw-0,2026-07-12T17:04:55.116521+00:00,2026-07-12T17:04:55.118788+00:00,Primary,c104C10,c104C10,OR_TOOLS_VRPTW,classical VRPTW baseline; no charging optimization,bd9787f5ab1df174246303e854e9be04d56fb270+dirty,0,10,4,200.0,77.75,26.1725046566048,52.3450093132096,1.4853373993073162,1.0,EUC_2D (unrounded Euclidean distance),1,262.4431244089896,262.4431244089896,262.4431244089896,0.0,0.0,invalid,False,False,nan,,,,,,,,,0.0022651670005870983,0.0022569999999997314,0.0022651670005870983,,,,,,,,,,,,,,,,,102.265625,battery depleted on leg 4 (C3->C22) | battery depleted on leg 5 (C22->C34) | battery depleted on leg 6 (C34->C48) | battery depleted on leg 7 (C48->C42) | battery depleted on leg 8 (C42->C57) | battery depleted on leg 9 (C57->C80) | battery depleted on leg 10 (C80->C72) | battery depleted on leg 11 (C72->D0),/Users/guoyiyang/Documents/GitHub/FURP-2026-Yiyang-GUO-EVRP-TW/results/week05_advanced/raw/primary-c104C10-or_tools_vrptw-0.json,/Users/guoyiyang/Documents/GitHub/FURP-2026-Yiyang-GUO-EVRP-TW/results/week05_advanced/solutions/primary-c104C10-or_tools_vrptw-0.json,1,30.0
primary-c104C10-ga_vrptw-2014,2026-07-12T17:04:55.131630+00:00,2026-07-12T17:04:55.300776+00:00,Primary,c104C10,c104C10,GA_VRPTW,weak baseline; chromosome decoder has no exact station insertion,bd9787f5ab1df174246303e854e9be04d56fb270+dirty,2014,10,4,200.0,77.75,26.1725046566048,52.3450093132096,1.4853373993073162,1.0,EUC_2D (unrounded Euclidean distance),6,438.33476121035426,438.33476121035426,438.33476121035426,0.0,0.0,invalid,False,False,nan,,,,,,,,,0.16914087499753805,0.16888899999999962,0.16914087499753805,,,,,,,,,,,,,,,,,102.546875,battery depleted on leg 2 (C80->D0),/Users/guoyiyang/Documents/GitHub/FURP-2026-Yiyang-GUO-EVRP-TW/results/week05_advanced/raw/primary-c104C10-ga_vrptw-2014.json,/Users/guoyiyang/Documents/GitHub/FURP-2026-Yiyang-GUO-EVRP-TW/results/week05_advanced/solutions/primary-c104C10-ga_vrptw-2014.json,1,30.0
primary-c104C10-ga_vrptw-2015,2026-07-12T17:04:55.314637+00:00,2026-07-12T17:04:55.483371+00:00,Primary,c104C10,c104C10,GA_VRPTW,weak baseline; chromosome decoder has no exact station insertion,bd9787f5ab1df174246303e854e9be04d56fb270+dirty,2015,10,4,200.0,77.75,26.1725046566048,52.3450093132096,1.4853373993073162,1.0,EUC_2D (unrounded Euclidean distance),6,438.33476121035426,438.33476121035426,438.33476121035426,0.0,0.0,invalid,False,False,nan,,,,,,,,,0.16873329200097942,0.16852199999999984,0.16873329200097942,,,,,,,,,,,,,,,,,102.640625,battery depleted on leg 2 (C80->D0),/Users/guoyiyang/Documents/GitHub/FURP-2026-Yiyang-GUO-EVRP-TW/results/week05_advanced/raw/primary-c104C10-ga_vrptw-2015.json,/Users/guoyiyang/Documents/GitHub/FURP-2026-Yiyang-GUO-EVRP-TW/results/week05_advanced/solutions/primary-c104C10-ga_vrptw-2015.json,1,30.0
primary-c104C10-ga_vrptw-2016,2026-07-12T17:04:55.497293+00:00,2026-07-12T17:04:55.665461+00:00,Primary,c104C10,c104C10,GA_VRPTW,weak baseline; chromosome decoder has no exact station insertion,bd9787f5ab1df174246303e854e9be04d56fb270+dirty,2016,10,4,200.0,77.75,26.1725046566048,52.3450093132096,1.4853373993073162,1.0,EUC_2D (unrounded Euclidean distance),6,438.33476121035426,438.33476121035426,438.33476121035426,0.0,0.0,invalid,False,False,nan,,,,,,,,,0.16816958300114493,0.16800300000000012,0.16816958300114493,,,,,,,,,,,,,,,,,102.71875,battery depleted on leg 2 (C80->D0),/Users/guoyiyang/Documents/GitHub/FURP-2026-Yiyang-GUO-EVRP-TW/results/week05_advanced/raw/primary-c104C10-ga_vrptw-2016.json,/Users/guoyiyang/Documents/GitHub/FURP-2026-Yiyang-GUO-EVRP-TW/results/week05_advanced/solutions/primary-c104C10-ga_vrptw-2016.json,1,30.0
primary-r103C10-branch_price_and_cut-0,2026-07-12T17:04:55.679715+00:00,2026-07-12T17:04:55.679715+00:00,Primary,r103C10,r103C10,BRANCH_PRICE_AND_CUT,small-scale exact theoretical reference,bd9787f5ab1df174246303e854e9be04d56fb270+dirty,0,10,3,200.0,60.63,27.586228448267445,55.17245689653489,1.0989178914707327,1.0,EUC_2D (unrounded Euclidean distance),,,,,,,not_applicable,False,False,,,,,,,,,,0.0,0.0,0.0,,,,,,,,,,,,,,,,,0.0,exact enumerated-column BPC is limited to at most 8 customers,/Users/guoyiyang/Documents/GitHub/FURP-2026-Yiyang-GUO-EVRP-TW/results/week05_advanced/raw/primary-r103C10-branch_price_and_cut-0.json,/Users/guoyiyang/Documents/GitHub/FURP-2026-Yiyang-GUO-EVRP-TW/results/week05_advanced/solutions/primary-r103C10-branch_price_and_cut-0.json,1,30.0
primary-r103C10-or_tools_vrptw-0,2026-07-12T17:04:57.431101+00:00,2026-07-12T17:04:57.434050+00:00,Primary,r103C10,r103C10,OR_TOOLS_VRPTW,classical VRPTW baseline; no charging optimization,bd9787f5ab1df174246303e854e9be04d56fb270+dirty,0,10,3,200.0,60.63,27.586228448267445,55.17245689653489,1.0989178914707327,1.0,EUC_2D (unrounded Euclidean distance),3,191.32900624219155,191.32900624219155,191.32900624219155,0.0,0.0,invalid,False,False,nan,,,,,,,,,0.0029469159999280237,0.002945999999999671,0.0029469159999280237,,,,,,,,,,,,,,,,,102.96875,battery depleted on leg 5 (C18->D0) | battery depleted on leg 4 (C81->C27) | battery depleted on leg 5 (C27->D0),/Users/guoyiyang/Documents/GitHub/FURP-2026-Yiyang-GUO-EVRP-TW/results/week05_advanced/raw/primary-r103C10-or_tools_vrptw-0.json,/Users/guoyiyang/Documents/GitHub/FURP-2026-Yiyang-GUO-EVRP-TW/results/week05_advanced/solutions/primary-r103C10-or_tools_vrptw-0.json,1,30.0
primary-rc102C10-branch_price_and_cut-0,2026-07-12T17:04:57.979391+00:00,2026-07-12T17:04:57.979391+00:00,Primary,rc102C10,rc102C10,BRANCH_PRICE_AND_CUT,small-scale exact theoretical reference,bd9787f5ab1df174246303e854e9be04d56fb270+dirty,0,10,4,200.0,77.75,37.73592452822641,75.47184905645283,1.0301854396311811,1.0,EUC_2D (unrounded Euclidean distance),,,,,,,not_applicable,False,False,,,,,,,,,,0.0,0.0,0.0,,,,,,,,,,,,,,,,,0.0,exact enumerated-column BPC is limited to at most 8 customers,/Users/guoyiyang/Documents/GitHub/FURP-2026-Yiyang-GUO-EVRP-TW/results/week05_advanced/raw/primary-rc102C10-branch_price_and_cut-0.json,/Users/guoyiyang/Documents/GitHub/FURP-2026-Yiyang-GUO-EVRP-TW/results/week05_advanced/solutions/primary-rc102C10-branch_price_and_cut-0.json,1,30.0
primary-rc102C10-or_tools_vrptw-0,2026-07-12T17:04:58.459742+00:00,2026-07-12T17:04:58.462720+00:00,Primary,rc102C10,rc102C10,OR_TOOLS_VRPTW,classical VRPTW baseline; no charging optimization,bd9787f5ab1df174246303e854e9be04d56fb270+dirty,0,10,4,200.0,77.75,37.73592452822641,75.47184905645283,1.0301854396311811,1.0,EUC_2D (unrounded Euclidean distance),3,384.81723515153885,384.81723515153885,384.81723515153885,0.0,0.0,invalid,False,False,nan,,,,,,,,,0.0029731249996984843,0.002966999999999942,0.0029731249996984843,,,,,,,,,,,,,,,,,103.0,battery depleted on leg 3 (C49->C26) | battery depleted on leg 4 (C26->D0) | battery depleted on leg 3 (C45->C70) | battery depleted on leg 4 (C70->D0) | battery depleted on leg 3 (C11->C92) | battery depleted on leg 4 (C92->C54) | battery depleted on leg 5 (C54->D0),/Users/guoyiyang/Documents/GitHub/FURP-2026-Yiyang-GUO-EVRP-TW/results/week05_advanced/raw/primary-rc102C10-or_tools_vrptw-0.json,/Users/guoyiyang/Documents/GitHub/FURP-2026-Yiyang-GUO-EVRP-TW/results/week05_advanced/solutions/primary-rc102C10-or_tools_vrptw-0.json,1,30.0
primary-rc102C10-ga_vrptw-2014,2026-07-12T17:04:58.475218+00:00,2026-07-12T17:04:58.645966+00:00,Primary,rc102C10,rc102C10,GA_VRPTW,weak baseline; chromosome decoder has no exact station insertion,bd9787f5ab1df174246303e854e9be04d56fb270+dirty,2014,10,4,200.0,77.75,37.73592452822641,75.47184905645283,1.0301854396311811,1.0,EUC_2D (unrounded Euclidean distance),6,485.79679982353684,485.79679982353684,485.79679982353684,0.0,0.0,invalid,False,False,nan,,,,,,,,,0.17074575000151526,0.17059099999999994,0.17074575000151526,,,,,,,,,,,,,,,,,103.015625,battery depleted on leg 2 (C26->D0),/Users/guoyiyang/Documents/GitHub/FURP-2026-Yiyang-GUO-EVRP-TW/results/week05_advanced/raw/primary-rc102C10-ga_vrptw-2014.json,/Users/guoyiyang/Documents/GitHub/FURP-2026-Yiyang-GUO-EVRP-TW/results/week05_advanced/solutions/primary-rc102C10-ga_vrptw-2014.json,1,30.0
primary-rc102C10-ga_vrptw-2015,2026-07-12T17:04:58.658657+00:00,2026-07-12T17:04:58.829756+00:00,Primary,rc102C10,rc102C10,GA_VRPTW,weak baseline; chromosome decoder has no exact station insertion,bd9787f5ab1df174246303e854e9be04d56fb270+dirty,2015,10,4,200.0,77.75,37.73592452822641,75.47184905645283,1.0301854396311811,1.0,EUC_2D (unrounded Euclidean distance),6,485.79679982353684,485.79679982353684,485.79679982353684,0.0,0.0,invalid,False,False,nan,,,,,,,,,0.17109766700014006,0.17090799999999984,0.17109766700014006,,,,,,,,,,,,,,,,,103.015625,battery depleted on leg 2 (C26->D0),/Users/guoyiyang/Documents/GitHub/FURP-2026-Yiyang-GUO-EVRP-TW/results/week05_advanced/raw/primary-rc102C10-ga_vrptw-2015.json,/Users/guoyiyang/Documents/GitHub/FURP-2026-Yiyang-GUO-EVRP-TW/results/week05_advanced/solutions/primary-rc102C10-ga_vrptw-2015.json,1,30.0
primary-rc102C10-ga_vrptw-2016,2026-07-12T17:04:58.843237+00:00,2026-07-12T17:04:59.016828+00:00,Primary,rc102C10,rc102C10,GA_VRPTW,weak baseline; chromosome decoder has no exact station insertion,bd9787f5ab1df174246303e854e9be04d56fb270+dirty,2016,10,4,200.0,77.75,37.73592452822641,75.47184905645283,1.0301854396311811,1.0,EUC_2D (unrounded Euclidean distance),6,485.79679982353684,485.79679982353684,485.79679982353684,0.0,0.0,invalid,False,False,nan,,,,,,,,,0.1735909580020234,0.17337399999999992,0.1735909580020234,,,,,,,,,,,,,,,,,103.015625,battery depleted on leg 2 (C26->D0),/Users/guoyiyang/Documents/GitHub/FURP-2026-Yiyang-GUO-EVRP-TW/results/week05_advanced/raw/primary-rc102C10-ga_vrptw-2016.json,/Users/guoyiyang/Documents/GitHub/FURP-2026-Yiyang-GUO-EVRP-TW/results/week05_advanced/solutions/primary-rc102C10-ga_vrptw-2016.json,1,30.0
primary-c106C15-branch_price_and_cut-0,2026-07-12T17:04:59.029725+00:00,2026-07-12T17:04:59.029725+00:00,Primary,c106C15,c106C15,BRANCH_PRICE_AND_CUT,small-scale exact theoretical reference,bd9787f5ab1df174246303e854e9be04d56fb270+dirty,0,15,3,200.0,77.75,28.861739379323623,57.723478758647246,1.3469389176124922,1.0,EUC_2D (unrounded Euclidean distance),,,,,,,not_applicable,False,False,,,,,,,,,,0.0,0.0,0.0,,,,,,,,,,,,,,,,,0.0,exact enumerated-column BPC is limited to at most 8 customers,/Users/guoyiyang/Documents/GitHub/FURP-2026-Yiyang-GUO-EVRP-TW/results/week05_advanced/raw/primary-c106C15-branch_price_and_cut-0.json,/Users/guoyiyang/Documents/GitHub/FURP-2026-Yiyang-GUO-EVRP-TW/results/week05_advanced/solutions/primary-c106C15-branch_price_and_cut-0.json,1,30.0
primary-c106C15-or_tools_vrptw-0,2026-07-12T17:05:02.891272+00:00,2026-07-12T17:05:02.895606+00:00,Primary,c106C15,c106C15,OR_TOOLS_VRPTW,classical VRPTW baseline; no charging optimization,bd9787f5ab1df174246303e854e9be04d56fb270+dirty,0,15,3,200.0,77.75,28.861739379323623,57.723478758647246,1.3469389176124922,1.0,EUC_2D (unrounded Euclidean distance),3,266.39549452861434,266.39549452861434,266.39549452861434,0.0,0.0,invalid,False,False,nan,,,,,,,,,0.004331374999310356,0.004329000000000249,0.004331374999310356,,,,,,,,,,,,,,,,,105.046875,battery depleted on leg 4 (C78->C84) | battery depleted on leg 5 (C84->C89) | battery depleted on leg 6 (C89->C91) | battery depleted on leg 7 (C91->D0) | battery depleted on leg 8 (C66->D0),/Users/guoyiyang/Documents/GitHub/FURP-2026-Yiyang-GUO-EVRP-TW/results/week05_advanced/raw/primary-c106C15-or_tools_vrptw-0.json,/Users/guoyiyang/Documents/GitHub/FURP-2026-Yiyang-GUO-EVRP-TW/results/week05_advanced/solutions/primary-c106C15-or_tools_vrptw-0.json,1,30.0
primary-c106C15-ga_vrptw-2014,2026-07-12T17:05:02.909964+00:00,2026-07-12T17:05:03.152688+00:00,Primary,c106C15,c106C15,GA_VRPTW,weak baseline; chromosome decoder has no exact station insertion,bd9787f5ab1df174246303e854e9be04d56fb270+dirty,2014,15,3,200.0,77.75,28.861739379323623,57.723478758647246,1.3469389176124922,1.0,EUC_2D (unrounded Euclidean distance),7,418.7195467717193,418.7195467717193,418.7195467717193,0.0,0.0,invalid,False,False,nan,,,,,,,,,0.24272149999887915,0.24205399999999955,0.24272149999887915,,,,,,,,,,,,,,,,,105.046875,battery depleted on leg 2 (C78->D0),/Users/guoyiyang/Documents/GitHub/FURP-2026-Yiyang-GUO-EVRP-TW/results/week05_advanced/raw/primary-c106C15-ga_vrptw-2014.json,/Users/guoyiyang/Documents/GitHub/FURP-2026-Yiyang-GUO-EVRP-TW/results/week05_advanced/solutions/primary-c106C15-ga_vrptw-2014.json,1,30.0
primary-c106C15-ga_vrptw-2015,2026-07-12T17:05:03.165863+00:00,2026-07-12T17:05:03.403012+00:00,Primary,c106C15,c106C15,GA_VRPTW,weak baseline; chromosome decoder has no exact station insertion,bd9787f5ab1df174246303e854e9be04d56fb270+dirty,2015,15,3,200.0,77.75,28.861739379323623,57.723478758647246,1.3469389176124922,1.0,EUC_2D (unrounded Euclidean distance),7,429.97447249218436,429.97447249218436,429.97447249218436,0.0,0.0,invalid,False,False,nan,,,,,,,,,0.23714749999999185,0.23699899999999907,0.23714749999999185,,,,,,,,,,,,,,,,,105.15625,battery depleted on leg 2 (C78->D0),/Users/guoyiyang/Documents/GitHub/FURP-2026-Yiyang-GUO-EVRP-TW/results/week05_advanced/raw/primary-c106C15-ga_vrptw-2015.json,/Users/guoyiyang/Documents/GitHub/FURP-2026-Yiyang-GUO-EVRP-TW/results/week05_advanced/solutions/primary-c106C15-ga_vrptw-2015.json,1,30.0
primary-c106C15-ga_vrptw-2016,2026-07-12T17:05:03.416412+00:00,2026-07-12T17:05:03.654816+00:00,Primary,c106C15,c106C15,GA_VRPTW,weak baseline; chromosome decoder has no exact station insertion,bd9787f5ab1df174246303e854e9be04d56fb270+dirty,2016,15,3,200.0,77.75,28.861739379323623,57.723478758647246,1.3469389176124922,1.0,EUC_2D (unrounded Euclidean distance),7,393.0866497054687,393.0866497054687,393.0866497054687,0.0,0.0,invalid,False,False,nan,,,,,,,,,0.2384022920014104,0.2382799999999996,0.2384022920014104,,,,,,,,,,,,,,,,,105.21875,battery depleted on leg 2 (C78->D0),/Users/guoyiyang/Documents/GitHub/FURP-2026-Yiyang-GUO-EVRP-TW/results/week05_advanced/raw/primary-c106C15-ga_vrptw-2016.json,/Users/guoyiyang/Documents/GitHub/FURP-2026-Yiyang-GUO-EVRP-TW/results/week05_advanced/solutions/primary-c106C15-ga_vrptw-2016.json,1,30.0
primary-r105C15-branch_price_and_cut-0,2026-07-12T17:05:03.667990+00:00,2026-07-12T17:05:03.667990+00:00,Primary,r105C15,r105C15,BRANCH_PRICE_AND_CUT,small-scale exact theoretical reference,bd9787f5ab1df174246303e854e9be04d56fb270+dirty,0,15,6,200.0,60.63,23.706539182259394,47.41307836451879,1.278761094857996,1.0,EUC_2D (unrounded Euclidean distance),,,,,,,not_applicable,False,False,,,,,,,,,,0.0,0.0,0.0,,,,,,,,,,,,,,,,,0.0,exact enumerated-column BPC is limited to at most 8 customers,/Users/guoyiyang/Documents/GitHub/FURP-2026-Yiyang-GUO-EVRP-TW/results/week05_advanced/raw/primary-r105C15-branch_price_and_cut-0.json,/Users/guoyiyang/Documents/GitHub/FURP-2026-Yiyang-GUO-EVRP-TW/results/week05_advanced/solutions/primary-r105C15-branch_price_and_cut-0.json,1,30.0
primary-r105C15-or_tools_vrptw-0,2026-07-12T17:05:07.814442+00:00,2026-07-12T17:05:07.819890+00:00,Primary,r105C15,r105C15,OR_TOOLS_VRPTW,classical VRPTW baseline; no charging optimization,bd9787f5ab1df174246303e854e9be04d56fb270+dirty,0,15,6,200.0,60.63,23.706539182259394,47.41307836451879,1.278761094857996,1.0,EUC_2D (unrounded Euclidean distance),4,333.60607387017296,333.60607387017296,333.60607387017296,0.0,0.0,invalid,False,False,nan,,,,,,,,,0.005445832997793332,0.00544600000000095,0.005445832997793332,,,,,,,,,,,,,,,,,105.53125,battery depleted on leg 4 (C85->C95) | battery depleted on leg 5 (C95->C5) | battery depleted on leg 6 (C5->D0) | battery depleted on leg 4 (C57->D0) | battery depleted on leg 4 (C50->C29) | battery depleted on leg 5 (C29->C25) | battery depleted on leg 6 (C25->C28) | battery depleted on leg 7 (C28->D0),/Users/guoyiyang/Documents/GitHub/FURP-2026-Yiyang-GUO-EVRP-TW/results/week05_advanced/raw/primary-r105C15-or_tools_vrptw-0.json,/Users/guoyiyang/Documents/GitHub/FURP-2026-Yiyang-GUO-EVRP-TW/results/week05_advanced/solutions/primary-r105C15-or_tools_vrptw-0.json,1,30.0
primary-r105C15-ga_vrptw-2014,2026-07-12T17:05:07.833593+00:00,2026-07-12T17:05:08.094484+00:00,Primary,r105C15,r105C15,GA_VRPTW,weak baseline; chromosome decoder has no exact station insertion,bd9787f5ab1df174246303e854e9be04d56fb270+dirty,2014,15,6,200.0,60.63,23.706539182259394,47.41307836451879,1.278761094857996,1.0,EUC_2D (unrounded Euclidean distance),12,626.7798396881875,626.7798396881875,626.7798396881875,0.0,0.0,invalid,False,False,nan,,,,,,,,,0.2608887499991397,0.2605740000000001,0.2608887499991397,,,,,,,,,,,,,,,,,105.71875,battery depleted on leg 2 (C17->D0) | battery depleted on leg 2 (C23->D0) | battery depleted on leg 2 (C25->D0) | battery depleted on leg 2 (C9->D0),/Users/guoyiyang/Documents/GitHub/FURP-2026-Yiyang-GUO-EVRP-TW/results/week05_advanced/raw/primary-r105C15-ga_vrptw-2014.json,/Users/guoyiyang/Documents/GitHub/FURP-2026-Yiyang-GUO-EVRP-TW/results/week05_advanced/solutions/primary-r105C15-ga_vrptw-2014.json,1,30.0
primary-r105C15-ga_vrptw-2015,2026-07-12T17:05:08.107640+00:00,2026-07-12T17:05:08.366529+00:00,Primary,r105C15,r105C15,GA_VRPTW,weak baseline; chromosome decoder has no exact station insertion,bd9787f5ab1df174246303e854e9be04d56fb270+dirty,2015,15,6,200.0,60.63,23.706539182259394,47.41307836451879,1.278761094857996,1.0,EUC_2D (unrounded Euclidean distance),11,614.1596211793778,614.1596211793778,614.1596211793778,0.0,0.0,invalid,False,False,nan,,,,,,,,,0.2588897089990496,0.25859400000000043,0.2588897089990496,,,,,,,,,,,,,,,,,105.71875,battery depleted on leg 2 (C25->D0) | battery depleted on leg 2 (C17->D0) | battery depleted on leg 2 (C9->D0) | battery depleted on leg 2 (C23->D0),/Users/guoyiyang/Documents/GitHub/FURP-2026-Yiyang-GUO-EVRP-TW/results/week05_advanced/raw/primary-r105C15-ga_vrptw-2015.json,/Users/guoyiyang/Documents/GitHub/FURP-2026-Yiyang-GUO-EVRP-TW/results/week05_advanced/solutions/primary-r105C15-ga_vrptw-2015.json,1,30.0
primary-r105C15-ga_vrptw-2016,2026-07-12T17:05:08.380815+00:00,2026-07-12T17:05:08.640853+00:00,Primary,r105C15,r105C15,GA_VRPTW,weak baseline; chromosome decoder has no exact station insertion,bd9787f5ab1df174246303e854e9be04d56fb270+dirty,2016,15,6,200.0,60.63,23.706539182259394,47.41307836451879,1.278761094857996,1.0,EUC_2D (unrounded Euclidean distance),11,615.4980390498712,615.4980390498712,615.4980390498712,0.0,0.0,invalid,False,False,nan,,,,,,,,,0.26003729199874215,0.2598629999999993,0.26003729199874215,,,,,,,,,,,,,,,,,105.71875,battery depleted on leg 2 (C9->D0) | battery depleted on leg 2 (C23->D0) | battery depleted on leg 2 (C25->D0) | battery depleted on leg 2 (C17->D0),/Users/guoyiyang/Documents/GitHub/FURP-2026-Yiyang-GUO-EVRP-TW/results/week05_advanced/raw/primary-r105C15-ga_vrptw-2016.json,/Users/guoyiyang/Documents/GitHub/FURP-2026-Yiyang-GUO-EVRP-TW/results/week05_advanced/solutions/primary-r105C15-ga_vrptw-2016.json,1,30.0
primary-rc103C15-branch_price_and_cut-0,2026-07-12T17:05:08.654929+00:00,2026-07-12T17:05:08.654929+00:00,Primary,rc103C15,rc103C15,BRANCH_PRICE_AND_CUT,small-scale exact theoretical reference,bd9787f5ab1df174246303e854e9be04d56fb270+dirty,0,15,5,200.0,77.75,20.024984394500787,40.049968789001575,1.9413248586938103,1.0,EUC_2D (unrounded Euclidean distance),,,,,,,not_applicable,False,False,,,,,,,,,,0.0,0.0,0.0,,,,,,,,,,,,,,,,,0.0,exact enumerated-column BPC is limited to at most 8 customers,/Users/guoyiyang/Documents/GitHub/FURP-2026-Yiyang-GUO-EVRP-TW/results/week05_advanced/raw/primary-rc103C15-branch_price_and_cut-0.json,/Users/guoyiyang/Documents/GitHub/FURP-2026-Yiyang-GUO-EVRP-TW/results/week05_advanced/solutions/primary-rc103C15-branch_price_and_cut-0.json,1,30.0
primary-rc103C15-or_tools_vrptw-0,2026-07-12T17:05:11.801835+00:00,2026-07-12T17:05:11.806685+00:00,Primary,rc103C15,rc103C15,OR_TOOLS_VRPTW,classical VRPTW baseline; no charging optimization,bd9787f5ab1df174246303e854e9be04d56fb270+dirty,0,15,5,200.0,77.75,20.024984394500787,40.049968789001575,1.9413248586938103,1.0,EUC_2D (unrounded Euclidean distance),4,386.9103094079179,386.9103094079179,386.9103094079179,0.0,0.0,invalid,False,False,nan,,,,,,,,,0.004846791998716071,0.0048470000000016,0.004846791998716071,,,,,,,,,,,,,,,,,106.109375,battery depleted on leg 3 (C72->D0) | battery depleted on leg 5 (C8->C90) | battery depleted on leg 6 (C90->D0) | battery depleted on leg 4 (C34->C62) | battery depleted on leg 5 (C62->D0) | battery depleted on leg 5 (C15->D0),/Users/guoyiyang/Documents/GitHub/FURP-2026-Yiyang-GUO-EVRP-TW/results/week05_advanced/raw/primary-rc103C15-or_tools_vrptw-0.json,/Users/guoyiyang/Documents/GitHub/FURP-2026-Yiyang-GUO-EVRP-TW/results/week05_advanced/solutions/primary-rc103C15-or_tools_vrptw-0.json,1,30.0
primary-rc103C15-ga_vrptw-2014,2026-07-12T17:05:11.819453+00:00,2026-07-12T17:05:12.070218+00:00,Primary,rc103C15,rc103C15,GA_VRPTW,weak baseline; chromosome decoder has no exact station insertion,bd9787f5ab1df174246303e854e9be04d56fb270+dirty,2014,15,5,200.0,77.75,20.024984394500787,40.049968789001575,1.9413248586938103,1.0,EUC_2D (unrounded Euclidean distance),10,736.9538552141805,736.9538552141805,736.9538552141805,0.0,0.0,invalid,False,False,nan,,,,,,,,,0.25076341699968907,0.25060399999999916,0.25076341699968907,,,,,,,,,,,,,,,,,106.109375,battery depleted on leg 2 (C34->D0) | battery depleted on leg 2 (C8->D0) | battery depleted on leg 2 (C15->D0) | battery depleted on leg 2 (C33->D0),/Users/guoyiyang/Documents/GitHub/FURP-2026-Yiyang-GUO-EVRP-TW/results/week05_advanced/raw/primary-rc103C15-ga_vrptw-2014.json,/Users/guoyiyang/Documents/GitHub/FURP-2026-Yiyang-GUO-EVRP-TW/results/week05_advanced/solutions/primary-rc103C15-ga_vrptw-2014.json,1,30.0
primary-rc103C15-ga_vrptw-2015,2026-07-12T17:05:12.083452+00:00,2026-07-12T17:05:12.332488+00:00,Primary,rc103C15,rc103C15,GA_VRPTW,weak baseline; chromosome decoder has no exact station insertion,bd9787f5ab1df174246303e854e9be04d56fb270+dirty,2015,15,5,200.0,77.75,20.024984394500787,40.049968789001575,1.9413248586938103,1.0,EUC_2D (unrounded Euclidean distance),10,736.4605155563941,736.4605155563941,736.4605155563941,0.0,0.0,invalid,False,False,nan,,,,,,,,,0.2490384160009853,0.24887199999999865,0.2490384160009853,,,,,,,,,,,,,,,,,106.109375,battery depleted on leg 2 (C8->D0) | battery depleted on leg 2 (C34->D0) | battery depleted on leg 2 (C15->D0) | battery depleted on leg 2 (C33->D0),/Users/guoyiyang/Documents/GitHub/FURP-2026-Yiyang-GUO-EVRP-TW/results/week05_advanced/raw/primary-rc103C15-ga_vrptw-2015.json,/Users/guoyiyang/Documents/GitHub/FURP-2026-Yiyang-GUO-EVRP-TW/results/week05_advanced/solutions/primary-rc103C15-ga_vrptw-2015.json,1,30.0
primary-rc103C15-ga_vrptw-2016,2026-07-12T17:05:12.345560+00:00,2026-07-12T17:05:12.595641+00:00,Primary,rc103C15,rc103C15,GA_VRPTW,weak baseline; chromosome decoder has no exact station insertion,bd9787f5ab1df174246303e854e9be04d56fb270+dirty,2016,15,5,200.0,77.75,20.024984394500787,40.049968789001575,1.9413248586938103,1.0,EUC_2D (unrounded Euclidean distance),10,739.9017199053234,739.9017199053234,739.9017199053234,0.0,0.0,invalid,False,False,nan,,,,,,,,,0.25007937500049593,0.24994599999999778,0.25007937500049593,,,,,,,,,,,,,,,,,106.109375,battery depleted on leg 2 (C15->D0) | battery depleted on leg 2 (C33->D0) | battery depleted on leg 2 (C8->D0) | battery depleted on leg 2 (C34->D0),/Users/guoyiyang/Documents/GitHub/FURP-2026-Yiyang-GUO-EVRP-TW/results/week05_advanced/raw/primary-rc103C15-ga_vrptw-2016.json,/Users/guoyiyang/Documents/GitHub/FURP-2026-Yiyang-GUO-EVRP-TW/results/week05_advanced/solutions/primary-rc103C15-ga_vrptw-2016.json,1,30.0
primary-c101_21-branch_price_and_cut-0,2026-07-12T17:05:12.609758+00:00,2026-07-12T17:05:12.609758+00:00,Primary,c101_21,c101_21,BRANCH_PRICE_AND_CUT,small-scale exact theoretical reference,bd9787f5ab1df174246303e854e9be04d56fb270+dirty,0,100,21,200.0,79.69,16.1245154965971,32.2490309931942,2.4710819998535056,1.0,EUC_2D (unrounded Euclidean distance),,,,,,,not_applicable,False,False,,,,,,,,,,0.0,0.0,0.0,,,,,,,,,,,,,,,,,0.0,exact enumerated-column BPC is limited to at most 8 customers,/Users/guoyiyang/Documents/GitHub/FURP-2026-Yiyang-GUO-EVRP-TW/results/week05_advanced/raw/primary-c101_21-branch_price_and_cut-0.json,/Users/guoyiyang/Documents/GitHub/FURP-2026-Yiyang-GUO-EVRP-TW/results/week05_advanced/solutions/primary-c101_21-branch_price_and_cut-0.json,1,30.0
primary-c101_21-or_tools_vrptw-0,2026-07-12T17:06:42.746228+00:00,2026-07-12T17:06:42.893643+00:00,Primary,c101_21,c101_21,OR_TOOLS_VRPTW,classical VRPTW baseline; no charging optimization,bd9787f5ab1df174246303e854e9be04d56fb270+dirty,0,100,21,200.0,79.69,16.1245154965971,32.2490309931942,2.4710819998535056,1.0,EUC_2D (unrounded Euclidean distance),12,1134.5879223048348,1134.5879223048348,1134.5879223048348,0.0,0.0,invalid,False,False,nan,,,,,,,,,0.14741254199907416,0.14704400000000817,0.14741254199907416,,,,,,,,,,,,,,,,,117.90625,battery depleted on leg 7 (C76->C72) | battery depleted on leg 8 (C72->C61) | battery depleted on leg 9 (C61->C66) | battery depleted on leg 10 (C66->D0) | battery depleted on leg 11 (C99->D0) | battery depleted on leg 9 (C13->D0) | battery depleted on leg 4 (C80->C54) | battery depleted on leg 5 (C54->C55) | battery depleted on leg 6 (C55->C57) | battery depleted on leg 7 (C57->D0) | battery depleted on leg 11 (C50->C49) | battery depleted on leg 12 (C49->D0) | battery depleted on leg 6 (C53->C78) | battery depleted on leg 7 (C78->C81) | battery depleted on leg 8 (C81->D0) | battery depleted on leg 7 (C52->D0),/Users/guoyiyang/Documents/GitHub/FURP-2026-Yiyang-GUO-EVRP-TW/results/week05_advanced/raw/primary-c101_21-or_tools_vrptw-0.json,/Users/guoyiyang/Documents/GitHub/FURP-2026-Yiyang-GUO-EVRP-TW/results/week05_advanced/solutions/primary-c101_21-or_tools_vrptw-0.json,1,30.0
primary-c101_21-ga_vrptw-2014,2026-07-12T17:06:42.906715+00:00,2026-07-12T17:06:45.086781+00:00,Primary,c101_21,c101_21,GA_VRPTW,weak baseline; chromosome decoder has no exact station insertion,bd9787f5ab1df174246303e854e9be04d56fb270+dirty,2014,100,21,200.0,79.69,16.1245154965971,32.2490309931942,2.4710819998535056,1.0,EUC_2D (unrounded Euclidean distance),77,5071.004401320719,5071.004401320719,5071.004401320719,0.0,0.0,invalid,False,False,nan,,,,,,,,,2.1800701659994957,2.177087,2.1800701659994957,,,,,,,,,,,,,,,,,118.109375,battery depleted on leg 2 (C70->D0) | battery depleted on leg 2 (C93->D0) | battery depleted on leg 2 (C39->D0) | battery depleted on leg 2 (C58->D0) | battery depleted on leg 2 (C53->D0) | battery depleted on leg 2 (C92->D0) | battery depleted on leg 2 (C79->D0) | battery depleted on leg 2 (C60->D0) | battery depleted on leg 2 (C71->D0) | battery depleted on leg 2 (C38->D0) | battery depleted on leg 2 (C56->D0) | battery depleted on leg 2 (C16->D0) | battery depleted on leg 2 (C54->D0) | battery depleted on leg 2 (C78->D0) | battery depleted on leg 2 (C77->D0) | battery depleted on leg 2 (C73->D0) | battery depleted on leg 2 (C80->D0) | battery depleted on leg 2 (C81->D0) | battery depleted on leg 2 (C94->D0) | battery depleted on leg 2 (C76->D0) | battery depleted on leg 2 (C97->D0),/Users/guoyiyang/Documents/GitHub/FURP-2026-Yiyang-GUO-EVRP-TW/results/week05_advanced/raw/primary-c101_21-ga_vrptw-2014.json,/Users/guoyiyang/Documents/GitHub/FURP-2026-Yiyang-GUO-EVRP-TW/results/week05_advanced/solutions/primary-c101_21-ga_vrptw-2014.json,1,30.0
primary-c101_21-ga_vrptw-2015,2026-07-12T17:06:45.100791+00:00,2026-07-12T17:06:47.276043+00:00,Primary,c101_21,c101_21,GA_VRPTW,weak baseline; chromosome decoder has no exact station insertion,bd9787f5ab1df174246303e854e9be04d56fb270+dirty,2015,100,21,200.0,79.69,16.1245154965971,32.2490309931942,2.4710819998535056,1.0,EUC_2D (unrounded Euclidean distance),77,5054.792751469631,5054.792751469631,5054.792751469631,0.0,0.0,invalid,False,False,nan,,,,,,,,,2.1752554580016294,2.1728300000000047,2.1752554580016294,,,,,,,,,,,,,,,,,118.125,battery depleted on leg 2 (C70->D0) | battery depleted on leg 2 (C79->D0) | battery depleted on leg 2 (C81->D0) | battery depleted on leg 2 (C60->D0) | battery depleted on leg 2 (C77->D0) | battery depleted on leg 2 (C92->D0) | battery depleted on leg 2 (C73->D0) | battery depleted on leg 2 (C56->D0) | battery depleted on leg 2 (C39->D0) | battery depleted on leg 2 (C97->D0) | battery depleted on leg 2 (C78->D0) | battery depleted on leg 2 (C54->D0) | battery depleted on leg 2 (C76->D0) | battery depleted on leg 2 (C71->D0) | battery depleted on leg 2 (C53->D0) | battery depleted on leg 2 (C58->D0) | battery depleted on leg 2 (C94->D0) | battery depleted on leg 2 (C16->D0) | battery depleted on leg 2 (C93->D0) | battery depleted on leg 2 (C80->D0) | battery depleted on leg 2 (C38->D0),/Users/guoyiyang/Documents/GitHub/FURP-2026-Yiyang-GUO-EVRP-TW/results/week05_advanced/raw/primary-c101_21-ga_vrptw-2015.json,/Users/guoyiyang/Documents/GitHub/FURP-2026-Yiyang-GUO-EVRP-TW/results/week05_advanced/solutions/primary-c101_21-ga_vrptw-2015.json,1,30.0
primary-c101_21-ga_vrptw-2016,2026-07-12T17:06:47.289383+00:00,2026-07-12T17:06:49.464130+00:00,Primary,c101_21,c101_21,GA_VRPTW,weak baseline; chromosome decoder has no exact station insertion,bd9787f5ab1df174246303e854e9be04d56fb270+dirty,2016,100,21,200.0,79.69,16.1245154965971,32.2490309931942,2.4710819998535056,1.0,EUC_2D (unrounded Euclidean distance),78,5093.862710105823,5093.862710105823,5093.862710105823,0.0,0.0,invalid,False,False,nan,,,,,,,,,2.1747508340013155,2.173210999999995,2.1747508340013155,,,,,,,,,,,,,,,,,118.125,battery depleted on leg 2 (C60->D0) | battery depleted on leg 2 (C39->D0) | battery depleted on leg 2 (C79->D0) | battery depleted on leg 2 (C78->D0) | battery depleted on leg 2 (C92->D0) | battery depleted on leg 2 (C93->D0) | battery depleted on leg 2 (C53->D0) | battery depleted on leg 2 (C77->D0) | battery depleted on leg 2 (C81->D0) | battery depleted on leg 2 (C97->D0) | battery depleted on leg 2 (C94->D0) | battery depleted on leg 2 (C76->D0) | battery depleted on leg 2 (C70->D0) | battery depleted on leg 2 (C80->D0) | battery depleted on leg 2 (C71->D0) | battery depleted on leg 2 (C56->D0) | battery depleted on leg 2 (C16->D0) | battery depleted on leg 2 (C38->D0) | battery depleted on leg 2 (C58->D0) | battery depleted on leg 2 (C73->D0) | battery depleted on leg 2 (C54->D0),/Users/guoyiyang/Documents/GitHub/FURP-2026-Yiyang-GUO-EVRP-TW/results/week05_advanced/raw/primary-c101_21-ga_vrptw-2016.json,/Users/guoyiyang/Documents/GitHub/FURP-2026-Yiyang-GUO-EVRP-TW/results/week05_advanced/solutions/primary-c101_21-ga_vrptw-2016.json,1,30.0
primary-r101_21-branch_price_and_cut-0,2026-07-12T17:06:49.478238+00:00,2026-07-12T17:06:49.478238+00:00,Primary,r101_21,r101_21,BRANCH_PRICE_AND_CUT,small-scale exact theoretical reference,bd9787f5ab1df174246303e854e9be04d56fb270+dirty,0,100,21,200.0,62.14,17.88854381999832,35.77708763999664,1.7368658015229617,1.0,EUC_2D (unrounded Euclidean distance),,,,,,,not_applicable,False,False,,,,,,,,,,0.0,0.0,0.0,,,,,,,,,,,,,,,,,0.0,exact enumerated-column BPC is limited to at most 8 customers,/Users/guoyiyang/Documents/GitHub/FURP-2026-Yiyang-GUO-EVRP-TW/results/week05_advanced/raw/primary-r101_21-branch_price_and_cut-0.json,/Users/guoyiyang/Documents/GitHub/FURP-2026-Yiyang-GUO-EVRP-TW/results/week05_advanced/solutions/primary-r101_21-branch_price_and_cut-0.json,1,30.0
primary-r101_21-or_tools_vrptw-0,2026-07-12T17:08:19.543956+00:00,2026-07-12T17:08:19.733302+00:00,Primary,r101_21,r101_21,OR_TOOLS_VRPTW,classical VRPTW baseline; no charging optimization,bd9787f5ab1df174246303e854e9be04d56fb270+dirty,0,100,21,200.0,62.14,17.88854381999832,35.77708763999664,1.7368658015229617,1.0,EUC_2D (unrounded Euclidean distance),20,1589.4245669566083,1589.4245669566083,1589.4245669566083,0.0,0.0,invalid,False,False,nan,,,,,,,,,0.18934375000026193,0.18887999999998328,0.18934375000026193,,,,,,,,,,,,,,,,,119.015625,battery depleted on leg 5 (C18->C48) | battery depleted on leg 6 (C48->C82) | battery depleted on leg 7 (C82->D0) | battery depleted on leg 3 (C38->C86) | battery depleted on leg 4 (C86->C45) | battery depleted on leg 5 (C45->C47) | battery depleted on leg 6 (C47->D0) | battery depleted on leg 4 (C64->C63) | battery depleted on leg 5 (C63->C10) | battery depleted on leg 6 (C10->C88) | battery depleted on leg 7 (C88->D0) | battery depleted on leg 4 (C71->C35) | battery depleted on leg 5 (C35->C51) | battery depleted on leg 6 (C51->D0) | battery depleted on leg 5 (C49->D0) | battery depleted on leg 5 (C30->D0) | battery depleted on leg 6 (C67->C41) | battery depleted on leg 7 (C41->D0) | battery depleted on leg 6 (C37->D0) | battery depleted on leg 6 (C29->C77) | battery depleted on leg 7 (C77->C76) | battery depleted on leg 8 (C76->C28) | battery depleted on leg 9 (C28->D0) | battery depleted on leg 5 (C50->C69) | battery depleted on leg 6 (C69->C27) | battery depleted on leg 7 (C27->D0) | battery depleted on leg 6 (C57->D0) | battery depleted on leg 6 (C5->D0) | battery depleted on leg 4 (C20->D0) | arrival at C54 (98.4853) exceeds due date 98 | arrival at C4 (117.705) exceeds due date 117 | battery depleted on leg 5 (C25->C24) | battery depleted on leg 6 (C24->D0) | battery depleted on leg 7 (C26->D0),/Users/guoyiyang/Documents/GitHub/FURP-2026-Yiyang-GUO-EVRP-TW/results/week05_advanced/raw/primary-r101_21-or_tools_vrptw-0.json,/Users/guoyiyang/Documents/GitHub/FURP-2026-Yiyang-GUO-EVRP-TW/results/week05_advanced/solutions/primary-r101_21-or_tools_vrptw-0.json,1,30.0
primary-r101_21-ga_vrptw-2014,2026-07-12T17:08:19.746702+00:00,2026-07-12T17:08:21.953439+00:00,Primary,r101_21,r101_21,GA_VRPTW,weak baseline; chromosome decoder has no exact station insertion,bd9787f5ab1df174246303e854e9be04d56fb270+dirty,2014,100,21,200.0,62.14,17.88854381999832,35.77708763999664,1.7368658015229617,1.0,EUC_2D (unrounded Euclidean distance),82,4531.770265975092,4531.770265975092,4531.770265975092,0.0,0.0,invalid,False,False,nan,,,,,,,,,2.2067379170002823,2.20500100000001,2.2067379170002823,,,,,,,,,,,,,,,,,119.015625,battery depleted on leg 2 (C90->D0) | battery depleted on leg 2 (C19->D0) | battery depleted on leg 2 (C11->D0) | battery depleted on leg 2 (C66->D0) | battery depleted on leg 2 (C71->D0) | battery depleted on leg 2 (C36->D0) | battery depleted on leg 2 (C34->D0) | battery depleted on leg 2 (C86->D0) | battery depleted on leg 2 (C38->D0) | battery depleted on leg 2 (C65->D0) | battery depleted on leg 2 (C44->D0) | battery depleted on leg 2 (C39->D0) | battery depleted on leg 2 (C46->D0) | battery depleted on leg 2 (C67->D0) | battery depleted on leg 2 (C32->D0) | battery depleted on leg 2 (C25->D0) | battery depleted on leg 2 (C64->D0) | battery depleted on leg 2 (C47->D0) | battery depleted on leg 2 (C9->D0) | battery depleted on leg 2 (C23->D0) | battery depleted on leg 2 (C35->D0) | battery depleted on leg 2 (C49->D0) | battery depleted on leg 2 (C20->D0) | battery depleted on leg 2 (C14->D0) | battery depleted on leg 2 (C63->D0) | battery depleted on leg 2 (C43->D0),/Users/guoyiyang/Documents/GitHub/FURP-2026-Yiyang-GUO-EVRP-TW/results/week05_advanced/raw/primary-r101_21-ga_vrptw-2014.json,/Users/guoyiyang/Documents/GitHub/FURP-2026-Yiyang-GUO-EVRP-TW/results/week05_advanced/solutions/primary-r101_21-ga_vrptw-2014.json,1,30.0
primary-r101_21-ga_vrptw-2015,2026-07-12T17:08:21.967974+00:00,2026-07-12T17:08:24.337619+00:00,Primary,r101_21,r101_21,GA_VRPTW,weak baseline; chromosome decoder has no exact station insertion,bd9787f5ab1df174246303e854e9be04d56fb270+dirty,2015,100,21,200.0,62.14,17.88854381999832,35.77708763999664,1.7368658015229617,1.0,EUC_2D (unrounded Euclidean distance),85,4511.785166075192,4511.785166075192,4511.785166075192,0.0,0.0,invalid,False,False,nan,,,,,,,,,2.369646750001266,2.315620999999993,2.369646750001266,,,,,,,,,,,,,,,,,119.015625,battery depleted on leg 2 (C66->D0) | battery depleted on leg 2 (C32->D0) | battery depleted on leg 2 (C47->D0) | battery depleted on leg 2 (C71->D0) | battery depleted on leg 2 (C39->D0) | battery depleted on leg 2 (C20->D0) | battery depleted on leg 2 (C23->D0) | battery depleted on leg 2 (C43->D0) | battery depleted on leg 2 (C38->D0) | battery depleted on leg 2 (C64->D0) | battery depleted on leg 2 (C49->D0) | battery depleted on leg 2 (C63->D0) | battery depleted on leg 2 (C9->D0) | battery depleted on leg 2 (C90->D0) | battery depleted on leg 2 (C65->D0) | battery depleted on leg 2 (C25->D0) | battery depleted on leg 2 (C11->D0) | battery depleted on leg 2 (C67->D0) | battery depleted on leg 2 (C44->D0) | battery depleted on leg 2 (C14->D0) | battery depleted on leg 2 (C86->D0) | battery depleted on leg 2 (C35->D0) | battery depleted on leg 2 (C36->D0) | battery depleted on leg 2 (C34->D0) | battery depleted on leg 2 (C19->D0) | battery depleted on leg 2 (C46->D0),/Users/guoyiyang/Documents/GitHub/FURP-2026-Yiyang-GUO-EVRP-TW/results/week05_advanced/raw/primary-r101_21-ga_vrptw-2015.json,/Users/guoyiyang/Documents/GitHub/FURP-2026-Yiyang-GUO-EVRP-TW/results/week05_advanced/solutions/primary-r101_21-ga_vrptw-2015.json,1,30.0
primary-r101_21-ga_vrptw-2016,2026-07-12T17:08:24.351546+00:00,2026-07-12T17:08:26.576317+00:00,Primary,r101_21,r101_21,GA_VRPTW,weak baseline; chromosome decoder has no exact station insertion,bd9787f5ab1df174246303e854e9be04d56fb270+dirty,2016,100,21,200.0,62.14,17.88854381999832,35.77708763999664,1.7368658015229617,1.0,EUC_2D (unrounded Euclidean distance),83,4498.842830266418,4498.842830266418,4498.842830266418,0.0,0.0,invalid,False,False,nan,,,,,,,,,2.2247744999986026,2.221609000000001,2.2247744999986026,,,,,,,,,,,,,,,,,119.015625,battery depleted on leg 2 (C71->D0) | battery depleted on leg 2 (C44->D0) | battery depleted on leg 2 (C39->D0) | battery depleted on leg 2 (C47->D0) | battery depleted on leg 2 (C86->D0) | battery depleted on leg 2 (C66->D0) | battery depleted on leg 2 (C63->D0) | battery depleted on leg 2 (C32->D0) | battery depleted on leg 2 (C9->D0) | battery depleted on leg 2 (C35->D0) | battery depleted on leg 2 (C65->D0) | battery depleted on leg 2 (C90->D0) | battery depleted on leg 2 (C25->D0) | battery depleted on leg 2 (C43->D0) | battery depleted on leg 2 (C14->D0) | battery depleted on leg 2 (C67->D0) | battery depleted on leg 2 (C38->D0) | battery depleted on leg 2 (C36->D0) | battery depleted on leg 2 (C46->D0) | battery depleted on leg 2 (C23->D0) | battery depleted on leg 2 (C64->D0) | battery depleted on leg 2 (C20->D0) | battery depleted on leg 2 (C34->D0) | battery depleted on leg 2 (C19->D0) | battery depleted on leg 2 (C49->D0) | battery depleted on leg 2 (C11->D0),/Users/guoyiyang/Documents/GitHub/FURP-2026-Yiyang-GUO-EVRP-TW/results/week05_advanced/raw/primary-r101_21-ga_vrptw-2016.json,/Users/guoyiyang/Documents/GitHub/FURP-2026-Yiyang-GUO-EVRP-TW/results/week05_advanced/solutions/primary-r101_21-ga_vrptw-2016.json,1,30.0
primary-rc101_21-branch_price_and_cut-0,2026-07-12T17:08:26.591576+00:00,2026-07-12T17:08:26.591576+00:00,Primary,rc101_21,rc101_21,BRANCH_PRICE_AND_CUT,small-scale exact theoretical reference,bd9787f5ab1df174246303e854e9be04d56fb270+dirty,0,100,21,200.0,79.69,24.351591323771842,48.703182647543684,1.6362380375981262,1.0,EUC_2D (unrounded Euclidean distance),,,,,,,not_applicable,False,False,,,,,,,,,,0.0,0.0,0.0,,,,,,,,,,,,,,,,,0.0,exact enumerated-column BPC is limited to at most 8 customers,/Users/guoyiyang/Documents/GitHub/FURP-2026-Yiyang-GUO-EVRP-TW/results/week05_advanced/raw/primary-rc101_21-branch_price_and_cut-0.json,/Users/guoyiyang/Documents/GitHub/FURP-2026-Yiyang-GUO-EVRP-TW/results/week05_advanced/solutions/primary-rc101_21-branch_price_and_cut-0.json,1,30.0
primary-rc101_21-or_tools_vrptw-0,2026-07-12T17:09:56.684889+00:00,2026-07-12T17:09:56.890674+00:00,Primary,rc101_21,rc101_21,OR_TOOLS_VRPTW,classical VRPTW baseline; no charging optimization,bd9787f5ab1df174246303e854e9be04d56fb270+dirty,0,100,21,200.0,79.69,24.351591323771842,48.703182647543684,1.6362380375981262,1.0,EUC_2D (unrounded Euclidean distance),16,1612.0475334119171,1612.0475334119171,1612.0475334119171,0.0,0.0,invalid,False,False,nan,,,,,,,,,0.20578475000002072,0.20555899999999383,0.20578475000002072,,,,,,,,,,,,,,,,,119.125,battery depleted on leg 7 (C29->C34) | battery depleted on leg 8 (C34->C67) | arrival at C67 (204.136) exceeds due date 204 | battery depleted on leg 9 (C67->D0) | battery depleted on leg 7 (C20->C56) | battery depleted on leg 8 (C56->D0) | battery depleted on leg 7 (C83->D0) | battery depleted on leg 6 (C1->D0) | battery depleted on leg 10 (C35->C61) | battery depleted on leg 11 (C61->D0) | battery depleted on leg 6 (C9->C98) | battery depleted on leg 7 (C98->D0) | battery depleted on leg 5 (C89->C51) | battery depleted on leg 6 (C51->D0) | battery depleted on leg 5 (C77->C25) | battery depleted on leg 6 (C25->C21) | battery depleted on leg 7 (C21->C48) | battery depleted on leg 8 (C48->D0) | battery depleted on leg 7 (C30->C50) | battery depleted on leg 8 (C50->D0) | battery depleted on leg 7 (C17->C60) | battery depleted on leg 8 (C60->D0) | battery depleted on leg 8 (C46->D0) | battery depleted on leg 5 (C97->C86) | battery depleted on leg 6 (C86->D0) | battery depleted on leg 7 (C81->D0) | battery depleted on leg 7 (C88->C82) | battery depleted on leg 8 (C82->C90) | battery depleted on leg 9 (C90->D0),/Users/guoyiyang/Documents/GitHub/FURP-2026-Yiyang-GUO-EVRP-TW/results/week05_advanced/raw/primary-rc101_21-or_tools_vrptw-0.json,/Users/guoyiyang/Documents/GitHub/FURP-2026-Yiyang-GUO-EVRP-TW/results/week05_advanced/solutions/primary-rc101_21-or_tools_vrptw-0.json,1,30.0
primary-rc101_21-ga_vrptw-2014,2026-07-12T17:09:56.903707+00:00,2026-07-12T17:09:59.134191+00:00,Primary,rc101_21,rc101_21,GA_VRPTW,weak baseline; chromosome decoder has no exact station insertion,bd9787f5ab1df174246303e854e9be04d56fb270+dirty,2014,100,21,200.0,79.69,24.351591323771842,48.703182647543684,1.6362380375981262,1.0,EUC_2D (unrounded Euclidean distance),80,5846.726113230751,5846.726113230751,5846.726113230751,0.0,0.0,invalid,False,False,nan,,,,,,,,,2.230488458000764,2.228206,2.230488458000764,,,,,,,,,,,,,,,,,119.15625,battery depleted on leg 2 (C28->D0) | battery depleted on leg 2 (C76->D0) | battery depleted on leg 2 (C35->D0) | battery depleted on leg 2 (C89->D0) | battery depleted on leg 2 (C40->D0) | battery depleted on leg 2 (C32->D0) | battery depleted on leg 2 (C18->D0) | battery depleted on leg 2 (C16->D0) | battery depleted on leg 2 (C58->D0) | battery depleted on leg 2 (C33->D0) | battery depleted on leg 2 (C97->D0) | battery depleted on leg 2 (C75->D0) | battery depleted on leg 2 (C36->D0) | battery depleted on leg 2 (C5->D0) | battery depleted on leg 2 (C26->D0) | battery depleted on leg 2 (C19->D0) | battery depleted on leg 2 (C29->D0) | battery depleted on leg 2 (C34->D0) | battery depleted on leg 2 (C21->D0) | battery depleted on leg 2 (C31->D0) | battery depleted on leg 2 (C59->D0) | battery depleted on leg 2 (C77->D0) | battery depleted on leg 2 (C48->D0) | battery depleted on leg 2 (C27->D0) | battery depleted on leg 2 (C30->D0) | battery depleted on leg 2 (C17->D0) | battery depleted on leg 2 (C37->D0) | battery depleted on leg 2 (C25->D0) | battery depleted on leg 2 (C23->D0),/Users/guoyiyang/Documents/GitHub/FURP-2026-Yiyang-GUO-EVRP-TW/results/week05_advanced/raw/primary-rc101_21-ga_vrptw-2014.json,/Users/guoyiyang/Documents/GitHub/FURP-2026-Yiyang-GUO-EVRP-TW/results/week05_advanced/solutions/primary-rc101_21-ga_vrptw-2014.json,1,30.0
primary-rc101_21-ga_vrptw-2015,2026-07-12T17:09:59.148101+00:00,2026-07-12T17:10:01.375020+00:00,Primary,rc101_21,rc101_21,GA_VRPTW,weak baseline; chromosome decoder has no exact station insertion,bd9787f5ab1df174246303e854e9be04d56fb270+dirty,2015,100,21,200.0,79.69,24.351591323771842,48.703182647543684,1.6362380375981262,1.0,EUC_2D (unrounded Euclidean distance),83,6059.243970265868,6059.243970265868,6059.243970265868,0.0,0.0,invalid,False,False,nan,,,,,,,,,2.2269215839987737,2.224509000000012,2.2269215839987737,,,,,,,,,,,,,,,,,119.15625,battery depleted on leg 2 (C97->D0) | battery depleted on leg 2 (C35->D0) | battery depleted on leg 2 (C16->D0) | battery depleted on leg 2 (C32->D0) | battery depleted on leg 2 (C89->D0) | battery depleted on leg 2 (C77->D0) | battery depleted on leg 2 (C27->D0) | battery depleted on leg 2 (C29->D0) | battery depleted on leg 2 (C34->D0) | battery depleted on leg 2 (C31->D0) | battery depleted on leg 2 (C76->D0) | battery depleted on leg 2 (C36->D0) | battery depleted on leg 2 (C30->D0) | battery depleted on leg 2 (C23->D0) | battery depleted on leg 2 (C37->D0) | battery depleted on leg 2 (C17->D0) | battery depleted on leg 2 (C40->D0) | battery depleted on leg 2 (C58->D0) | battery depleted on leg 2 (C21->D0) | battery depleted on leg 2 (C33->D0) | battery depleted on leg 2 (C48->D0) | battery depleted on leg 2 (C26->D0) | battery depleted on leg 2 (C18->D0) | battery depleted on leg 2 (C28->D0) | battery depleted on leg 2 (C19->D0) | battery depleted on leg 2 (C25->D0) | battery depleted on leg 2 (C75->D0) | battery depleted on leg 2 (C5->D0) | battery depleted on leg 2 (C59->D0),/Users/guoyiyang/Documents/GitHub/FURP-2026-Yiyang-GUO-EVRP-TW/results/week05_advanced/raw/primary-rc101_21-ga_vrptw-2015.json,/Users/guoyiyang/Documents/GitHub/FURP-2026-Yiyang-GUO-EVRP-TW/results/week05_advanced/solutions/primary-rc101_21-ga_vrptw-2015.json,1,30.0
primary-rc101_21-ga_vrptw-2016,2026-07-12T17:10:01.388668+00:00,2026-07-12T17:10:03.618834+00:00,Primary,rc101_21,rc101_21,GA_VRPTW,weak baseline; chromosome decoder has no exact station insertion,bd9787f5ab1df174246303e854e9be04d56fb270+dirty,2016,100,21,200.0,79.69,24.351591323771842,48.703182647543684,1.6362380375981262,1.0,EUC_2D (unrounded Euclidean distance),86,6041.032248641398,6041.032248641398,6041.032248641398,0.0,0.0,invalid,False,False,nan,,,,,,,,,2.230171416998928,2.227753000000007,2.230171416998928,,,,,,,,,,,,,,,,,119.15625,battery depleted on leg 2 (C32->D0) | battery depleted on leg 2 (C33->D0) | battery depleted on leg 2 (C16->D0) | battery depleted on leg 2 (C27->D0) | battery depleted on leg 2 (C36->D0) | battery depleted on leg 2 (C34->D0) | battery depleted on leg 2 (C28->D0) | battery depleted on leg 2 (C89->D0) | battery depleted on leg 2 (C58->D0) | battery depleted on leg 2 (C97->D0) | battery depleted on leg 2 (C37->D0) | battery depleted on leg 2 (C23->D0) | battery depleted on leg 2 (C75->D0) | battery depleted on leg 2 (C21->D0) | battery depleted on leg 2 (C29->D0) | battery depleted on leg 2 (C48->D0) | battery depleted on leg 2 (C59->D0) | battery depleted on leg 2 (C31->D0) | battery depleted on leg 2 (C18->D0) | battery depleted on leg 2 (C77->D0) | battery depleted on leg 2 (C17->D0) | battery depleted on leg 2 (C26->D0) | battery depleted on leg 2 (C30->D0) | battery depleted on leg 2 (C40->D0) | battery depleted on leg 2 (C19->D0) | battery depleted on leg 2 (C5->D0) | battery depleted on leg 2 (C25->D0) | battery depleted on leg 2 (C76->D0) | battery depleted on leg 2 (C35->D0),/Users/guoyiyang/Documents/GitHub/FURP-2026-Yiyang-GUO-EVRP-TW/results/week05_advanced/raw/primary-rc101_21-ga_vrptw-2016.json,/Users/guoyiyang/Documents/GitHub/FURP-2026-Yiyang-GUO-EVRP-TW/results/week05_advanced/solutions/primary-rc101_21-ga_vrptw-2016.json,1,30.0
stress-c101C5_battery_stress-or_tools_vrptw-0,2026-07-12T17:10:03.759895+00:00,2026-07-12T17:10:03.761423+00:00,Stress,c101C5_battery_stress,c101C5,OR_TOOLS_VRPTW,classical VRPTW baseline; no charging optimization,bd9787f5ab1df174246303e854e9be04d56fb270+dirty,0,5,3,200.0,62.43748873873773,29.732137494637012,59.464274989274024,1.05,1.0,EUC_2D (unrounded Euclidean distance),3,234.71709679263063,234.71709679263063,234.71709679263063,0.0,0.0,invalid,False,False,250.0379675903926,,,,,,,,,0.0015249159987433814,0.0015250000000150976,0.0015249159987433814,,,,,,,,,,,,,,,,,119.15625,battery depleted on leg 3 (C85->D0) | battery depleted on leg 2 (C12->C100) | battery depleted on leg 3 (C100->D0),/Users/guoyiyang/Documents/GitHub/FURP-2026-Yiyang-GUO-EVRP-TW/results/week05_advanced/raw/stress-c101C5_battery_stress-or_tools_vrptw-0.json,/Users/guoyiyang/Documents/GitHub/FURP-2026-Yiyang-GUO-EVRP-TW/results/week05_advanced/solutions/stress-c101C5_battery_stress-or_tools_vrptw-0.json,1,30.0
stress-c101C5_battery_stress-ga_vrptw-2014,2026-07-12T17:10:03.772720+00:00,2026-07-12T17:10:03.870824+00:00,Stress,c101C5_battery_stress,c101C5,GA_VRPTW,weak baseline; chromosome decoder has no exact station insertion,bd9787f5ab1df174246303e854e9be04d56fb270+dirty,2014,5,3,200.0,62.43748873873773,29.732137494637012,59.464274989274024,1.05,1.0,EUC_2D (unrounded Euclidean distance),5,296.0921118198048,296.0921118198048,296.0921118198048,0.0,0.0,invalid,False,False,250.0379675903926,,,,,,,,,0.09810191600263352,0.09801700000002711,0.09810191600263352,,,,,,,,,,,,,,,,,119.15625,battery depleted on leg 2 (C100->D0) | battery depleted on leg 2 (C12->D0),/Users/guoyiyang/Documents/GitHub/FURP-2026-Yiyang-GUO-EVRP-TW/results/week05_advanced/raw/stress-c101C5_battery_stress-ga_vrptw-2014.json,/Users/guoyiyang/Documents/GitHub/FURP-2026-Yiyang-GUO-EVRP-TW/results/week05_advanced/solutions/stress-c101C5_battery_stress-ga_vrptw-2014.json,1,30.0
stress-c101C5_battery_stress-ga_vrptw-2015,2026-07-12T17:10:03.884828+00:00,2026-07-12T17:10:03.982726+00:00,Stress,c101C5_battery_stress,c101C5,GA_VRPTW,weak baseline; chromosome decoder has no exact station insertion,bd9787f5ab1df174246303e854e9be04d56fb270+dirty,2015,5,3,200.0,62.43748873873773,29.732137494637012,59.464274989274024,1.05,1.0,EUC_2D (unrounded Euclidean distance),5,296.0921118198048,296.0921118198048,296.0921118198048,0.0,0.0,invalid,False,False,250.0379675903926,,,,,,,,,0.09789533399816719,0.09779699999995728,0.09789533399816719,,,,,,,,,,,,,,,,,119.15625,battery depleted on leg 2 (C100->D0) | battery depleted on leg 2 (C12->D0),/Users/guoyiyang/Documents/GitHub/FURP-2026-Yiyang-GUO-EVRP-TW/results/week05_advanced/raw/stress-c101C5_battery_stress-ga_vrptw-2015.json,/Users/guoyiyang/Documents/GitHub/FURP-2026-Yiyang-GUO-EVRP-TW/results/week05_advanced/solutions/stress-c101C5_battery_stress-ga_vrptw-2015.json,1,30.0
stress-c101C5_battery_stress-ga_vrptw-2016,2026-07-12T17:10:03.994176+00:00,2026-07-12T17:10:04.092053+00:00,Stress,c101C5_battery_stress,c101C5,GA_VRPTW,weak baseline; chromosome decoder has no exact station insertion,bd9787f5ab1df174246303e854e9be04d56fb270+dirty,2016,5,3,200.0,62.43748873873773,29.732137494637012,59.464274989274024,1.05,1.0,EUC_2D (unrounded Euclidean distance),5,296.0921118198048,296.0921118198048,296.0921118198048,0.0,0.0,invalid,False,False,250.0379675903926,,,,,,,,,0.09787670800142223,0.09776099999999133,0.09787670800142223,,,,,,,,,,,,,,,,,119.15625,battery depleted on leg 2 (C100->D0) | battery depleted on leg 2 (C12->D0),/Users/guoyiyang/Documents/GitHub/FURP-2026-Yiyang-GUO-EVRP-TW/results/week05_advanced/raw/stress-c101C5_battery_stress-ga_vrptw-2016.json,/Users/guoyiyang/Documents/GitHub/FURP-2026-Yiyang-GUO-EVRP-TW/results/week05_advanced/solutions/stress-c101C5_battery_stress-ga_vrptw-2016.json,1,30.0
stress-r105C5_battery_stress-or_tools_vrptw-0,2026-07-12T17:10:04.217180+00:00,2026-07-12T17:10:04.218660+00:00,Stress,r105C5_battery_stress,r105C5,OR_TOOLS_VRPTW,classical VRPTW baseline; no charging optimization,bd9787f5ab1df174246303e854e9be04d56fb270+dirty,0,5,3,200.0,58.34826475568918,27.784887978899608,55.569775957799216,1.05,1.0,EUC_2D (unrounded Euclidean distance),2,151.1487994612179,151.1487994612179,151.1487994612179,0.0,0.0,invalid,False,False,156.08206946417084,,,,,,,,,0.0014762920000066515,0.0014760000000251239,0.0014762920000066515,,,,,,,,,,,,,,,,,119.171875,battery depleted on leg 2 (C75->C91) | battery depleted on leg 3 (C91->C95) | battery depleted on leg 4 (C95->D0) | battery depleted on leg 3 (C28->D0),/Users/guoyiyang/Documents/GitHub/FURP-2026-Yiyang-GUO-EVRP-TW/results/week05_advanced/raw/stress-r105C5_battery_stress-or_tools_vrptw-0.json,/Users/guoyiyang/Documents/GitHub/FURP-2026-Yiyang-GUO-EVRP-TW/results/week05_advanced/solutions/stress-r105C5_battery_stress-or_tools_vrptw-0.json,1,30.0
stress-r105C5_battery_stress-ga_vrptw-2014,2026-07-12T17:10:04.229839+00:00,2026-07-12T17:10:04.325840+00:00,Stress,r105C5_battery_stress,r105C5,GA_VRPTW,weak baseline; chromosome decoder has no exact station insertion,bd9787f5ab1df174246303e854e9be04d56fb270+dirty,2014,5,3,200.0,58.34826475568918,27.784887978899608,55.569775957799216,1.05,1.0,EUC_2D (unrounded Euclidean distance),4,182.00669045105784,182.00669045105784,182.00669045105784,0.0,0.0,invalid,False,False,156.08206946417084,,,,,,,,,0.09599829199942178,0.09591899999998077,0.09599829199942178,,,,,,,,,,,,,,,,,119.171875,battery depleted on leg 2 (C78->D0),/Users/guoyiyang/Documents/GitHub/FURP-2026-Yiyang-GUO-EVRP-TW/results/week05_advanced/raw/stress-r105C5_battery_stress-ga_vrptw-2014.json,/Users/guoyiyang/Documents/GitHub/FURP-2026-Yiyang-GUO-EVRP-TW/results/week05_advanced/solutions/stress-r105C5_battery_stress-ga_vrptw-2014.json,1,30.0
stress-r105C5_battery_stress-ga_vrptw-2015,2026-07-12T17:10:04.338110+00:00,2026-07-12T17:10:04.433377+00:00,Stress,r105C5_battery_stress,r105C5,GA_VRPTW,weak baseline; chromosome decoder has no exact station insertion,bd9787f5ab1df174246303e854e9be04d56fb270+dirty,2015,5,3,200.0,58.34826475568918,27.784887978899608,55.569775957799216,1.05,1.0,EUC_2D (unrounded Euclidean distance),4,182.00669045105784,182.00669045105784,182.00669045105784,0.0,0.0,invalid,False,False,156.08206946417084,,,,,,,,,0.0952648330021475,0.09519399999999223,0.0952648330021475,,,,,,,,,,,,,,,,,119.171875,battery depleted on leg 2 (C78->D0),/Users/guoyiyang/Documents/GitHub/FURP-2026-Yiyang-GUO-EVRP-TW/results/week05_advanced/raw/stress-r105C5_battery_stress-ga_vrptw-2015.json,/Users/guoyiyang/Documents/GitHub/FURP-2026-Yiyang-GUO-EVRP-TW/results/week05_advanced/solutions/stress-r105C5_battery_stress-ga_vrptw-2015.json,1,30.0
stress-r105C5_battery_stress-ga_vrptw-2016,2026-07-12T17:10:04.445377+00:00,2026-07-12T17:10:04.541029+00:00,Stress,r105C5_battery_stress,r105C5,GA_VRPTW,weak baseline; chromosome decoder has no exact station insertion,bd9787f5ab1df174246303e854e9be04d56fb270+dirty,2016,5,3,200.0,58.34826475568918,27.784887978899608,55.569775957799216,1.05,1.0,EUC_2D (unrounded Euclidean distance),4,182.00669045105784,182.00669045105784,182.00669045105784,0.0,0.0,invalid,False,False,156.08206946417084,,,,,,,,,0.0956501250002475,0.09556300000002693,0.0956501250002475,,,,,,,,,,,,,,,,,119.171875,battery depleted on leg 2 (C78->D0),/Users/guoyiyang/Documents/GitHub/FURP-2026-Yiyang-GUO-EVRP-TW/results/week05_advanced/raw/stress-r105C5_battery_stress-ga_vrptw-2016.json,/Users/guoyiyang/Documents/GitHub/FURP-2026-Yiyang-GUO-EVRP-TW/results/week05_advanced/solutions/stress-r105C5_battery_stress-ga_vrptw-2016.json,1,30.0
stress-rc105C5_battery_stress-or_tools_vrptw-0,2026-07-12T17:10:04.677594+00:00,2026-07-12T17:10:04.679039+00:00,Stress,rc105C5_battery_stress,rc105C5,OR_TOOLS_VRPTW,classical VRPTW baseline; no charging optimization,bd9787f5ab1df174246303e854e9be04d56fb270+dirty,0,5,4,200.0,41.84220357485968,19.924858845171276,39.84971769034255,1.05,1.0,EUC_2D (unrounded Euclidean distance),2,227.18474246926607,227.18474246926607,227.18474246926607,0.0,0.0,invalid,False,False,265.09448589511715,,,,,,,,,0.0014421670020965394,0.0014370000000099026,0.0014421670020965394,,,,,,,,,,,,,,,,,119.1875,battery depleted on leg 2 (C11->C22) | battery depleted on leg 3 (C22->D0) | battery depleted on leg 1 (D0->C36) | battery depleted on leg 2 (C36->C55) | battery depleted on leg 3 (C55->C82) | battery depleted on leg 4 (C82->D0),/Users/guoyiyang/Documents/GitHub/FURP-2026-Yiyang-GUO-EVRP-TW/results/week05_advanced/raw/stress-rc105C5_battery_stress-or_tools_vrptw-0.json,/Users/guoyiyang/Documents/GitHub/FURP-2026-Yiyang-GUO-EVRP-TW/results/week05_advanced/solutions/stress-rc105C5_battery_stress-or_tools_vrptw-0.json,1,30.0
stress-rc105C5_battery_stress-ga_vrptw-2014,2026-07-12T17:10:04.690301+00:00,2026-07-12T17:10:04.789422+00:00,Stress,rc105C5_battery_stress,rc105C5,GA_VRPTW,weak baseline; chromosome decoder has no exact station insertion,bd9787f5ab1df174246303e854e9be04d56fb270+dirty,2014,5,4,200.0,41.84220357485968,19.924858845171276,39.84971769034255,1.05,1.0,EUC_2D (unrounded Euclidean distance),5,280.8893884953158,280.8893884953158,280.8893884953158,0.0,0.0,invalid,False,False,265.09448589511715,,,,,,,,,0.09911795899824938,0.09903700000000981,0.09911795899824938,,,,,,,,,,,,,,,,,119.1875,battery depleted on leg 2 (C11->D0) | battery depleted on leg 2 (C22->D0) | battery depleted on leg 1 (D0->C36) | battery depleted on leg 2 (C36->D0),/Users/guoyiyang/Documents/GitHub/FURP-2026-Yiyang-GUO-EVRP-TW/results/week05_advanced/raw/stress-rc105C5_battery_stress-ga_vrptw-2014.json,/Users/guoyiyang/Documents/GitHub/FURP-2026-Yiyang-GUO-EVRP-TW/results/week05_advanced/solutions/stress-rc105C5_battery_stress-ga_vrptw-2014.json,1,30.0
stress-rc105C5_battery_stress-ga_vrptw-2015,2026-07-12T17:10:04.801550+00:00,2026-07-12T17:10:04.900907+00:00,Stress,rc105C5_battery_stress,rc105C5,GA_VRPTW,weak baseline; chromosome decoder has no exact station insertion,bd9787f5ab1df174246303e854e9be04d56fb270+dirty,2015,5,4,200.0,41.84220357485968,19.924858845171276,39.84971769034255,1.05,1.0,EUC_2D (unrounded Euclidean distance),5,280.8893884953158,280.8893884953158,280.8893884953158,0.0,0.0,invalid,False,False,265.09448589511715,,,,,,,,,0.09935691600185237,0.09921400000001768,0.09935691600185237,,,,,,,,,,,,,,,,,119.1875,battery depleted on leg 2 (C11->D0) | battery depleted on leg 1 (D0->C36) | battery depleted on leg 2 (C36->D0) | battery depleted on leg 2 (C22->D0),/Users/guoyiyang/Documents/GitHub/FURP-2026-Yiyang-GUO-EVRP-TW/results/week05_advanced/raw/stress-rc105C5_battery_stress-ga_vrptw-2015.json,/Users/guoyiyang/Documents/GitHub/FURP-2026-Yiyang-GUO-EVRP-TW/results/week05_advanced/solutions/stress-rc105C5_battery_stress-ga_vrptw-2015.json,1,30.0
stress-rc105C5_battery_stress-ga_vrptw-2016,2026-07-12T17:10:04.913716+00:00,2026-07-12T17:10:05.012464+00:00,Stress,rc105C5_battery_stress,rc105C5,GA_VRPTW,weak baseline; chromosome decoder has no exact station insertion,bd9787f5ab1df174246303e854e9be04d56fb270+dirty,2016,5,4,200.0,41.84220357485968,19.924858845171276,39.84971769034255,1.05,1.0,EUC_2D (unrounded Euclidean distance),5,280.8893884953158,280.8893884953158,280.8893884953158,0.0,0.0,invalid,False,False,265.09448589511715,,,,,,,,,0.09874866699828999,0.0986560000000054,0.09874866699828999,,,,,,,,,,,,,,,,,119.1875,battery depleted on leg 1 (D0->C36) | battery depleted on leg 2 (C36->D0) | battery depleted on leg 2 (C11->D0) | battery depleted on leg 2 (C22->D0),/Users/guoyiyang/Documents/GitHub/FURP-2026-Yiyang-GUO-EVRP-TW/results/week05_advanced/raw/stress-rc105C5_battery_stress-ga_vrptw-2016.json,/Users/guoyiyang/Documents/GitHub/FURP-2026-Yiyang-GUO-EVRP-TW/results/week05_advanced/solutions/stress-rc105C5_battery_stress-ga_vrptw-2016.json,1,30.0
