infrastructure_variant,added_station_count,instance,size,battery_capacity,method,seed,feasible,objective_value,runtime_seconds,vehicle_count,capacity_violations,time_window_violations,energy_violations,coverage_violations,charging_count,charging_time,first_infeasible_step,total_violation_count,raw_json
original,0,week04_generated_50_battery_60_seed_2014,50,60.0,OR_TOOLS_VRPTW_ANTICIPATORY_SPLIT_REPAIR,2014,True,1373.442932542023,0.06676466700082528,7,0,0,0,0,20,105.86318030103993,,0,results/week05_infrastructure/raw/week04_generated_50_battery_60_seed_2014_or_tools_vrptw_anticipatory_split_repair.json
original,0,week04_generated_50_battery_60_seed_2014,50,60.0,GA_VRPTW_ANTICIPATORY_SPLIT_REPAIR,2014,True,4950.543143979656,3.5555640000002313,47,0,0,0,0,69,294.7428131628432,,0,results/week05_infrastructure/raw/week04_generated_50_battery_60_seed_2014_ga_vrptw_anticipatory_split_repair.json
augmented,0,week04_generated_50_battery_60_seed_2014_infrastructure_augmented,50,60.0,OR_TOOLS_VRPTW_ANTICIPATORY_SPLIT_REPAIR,2014,True,1373.442932542023,0.06755279099888867,7,0,0,0,0,20,105.86318030103993,,0,results/week05_infrastructure/raw/week04_generated_50_battery_60_seed_2014_infrastructure_augmented_or_tools_vrptw_anticipatory_split_repair.json
augmented,0,week04_generated_50_battery_60_seed_2014_infrastructure_augmented,50,60.0,GA_VRPTW_ANTICIPATORY_SPLIT_REPAIR,2014,True,4950.543143979656,3.5799628749991825,47,0,0,0,0,69,294.7428131628432,,0,results/week05_infrastructure/raw/week04_generated_50_battery_60_seed_2014_infrastructure_augmented_ga_vrptw_anticipatory_split_repair.json
original,0,week04_generated_50_battery_60_seed_2015,50,60.0,OR_TOOLS_VRPTW_ANTICIPATORY_SPLIT_REPAIR,2015,False,1380.1738370146395,0.10193704100129253,8,0,0,3,0,17,86.18181284462335,route 1 leg 20 C18->D0: battery depleted,3,results/week05_infrastructure/raw/week04_generated_50_battery_60_seed_2015_or_tools_vrptw_anticipatory_split_repair.json
original,0,week04_generated_50_battery_60_seed_2015,50,60.0,GA_VRPTW_ANTICIPATORY_SPLIT_REPAIR,2015,False,4345.402000542435,3.578009999999267,46,0,0,3,0,49,213.49167529867134,route 11 leg 2 C34->D0: battery depleted,3,results/week05_infrastructure/raw/week04_generated_50_battery_60_seed_2015_ga_vrptw_anticipatory_split_repair.json
augmented,3,week04_generated_50_battery_60_seed_2015_infrastructure_augmented,50,60.0,OR_TOOLS_VRPTW_ANTICIPATORY_SPLIT_REPAIR,2015,True,894.4529141978169,0.022773624999899766,3,0,0,0,0,14,75.81449384934116,,0,results/week05_infrastructure/raw/week04_generated_50_battery_60_seed_2015_infrastructure_augmented_or_tools_vrptw_anticipatory_split_repair.json
augmented,3,week04_generated_50_battery_60_seed_2015_infrastructure_augmented,50,60.0,GA_VRPTW_ANTICIPATORY_SPLIT_REPAIR,2015,True,4218.5770597391775,3.6017359159995976,46,0,0,0,0,51,216.45229383872277,,0,results/week05_infrastructure/raw/week04_generated_50_battery_60_seed_2015_infrastructure_augmented_ga_vrptw_anticipatory_split_repair.json
original,0,week04_generated_50_battery_60_seed_2016,50,60.0,OR_TOOLS_VRPTW_ANTICIPATORY_SPLIT_REPAIR,2016,False,1202.611481905818,0.07504491600047913,7,0,0,2,0,16,77.24785022573693,route 3 leg 7 C33->D0: battery depleted,2,results/week05_infrastructure/raw/week04_generated_50_battery_60_seed_2016_or_tools_vrptw_anticipatory_split_repair.json
original,0,week04_generated_50_battery_60_seed_2016,50,60.0,GA_VRPTW_ANTICIPATORY_SPLIT_REPAIR,2016,False,4534.964579917276,3.6362024579993886,45,0,0,3,0,55,239.13949440406554,route 12 leg 2 C32->D0: battery depleted,3,results/week05_infrastructure/raw/week04_generated_50_battery_60_seed_2016_ga_vrptw_anticipatory_split_repair.json
augmented,3,week04_generated_50_battery_60_seed_2016_infrastructure_augmented,50,60.0,OR_TOOLS_VRPTW_ANTICIPATORY_SPLIT_REPAIR,2016,True,1040.472493948525,0.021306500002538087,4,0,0,0,0,17,84.80335746767811,,0,results/week05_infrastructure/raw/week04_generated_50_battery_60_seed_2016_infrastructure_augmented_or_tools_vrptw_anticipatory_split_repair.json
augmented,3,week04_generated_50_battery_60_seed_2016_infrastructure_augmented,50,60.0,GA_VRPTW_ANTICIPATORY_SPLIT_REPAIR,2016,True,4378.750442322814,3.633625792001112,45,0,0,0,0,56,239.62283680874586,,0,results/week05_infrastructure/raw/week04_generated_50_battery_60_seed_2016_infrastructure_augmented_ga_vrptw_anticipatory_split_repair.json
original,0,week04_generated_100_battery_60_seed_2014,100,60.0,OR_TOOLS_VRPTW_ANTICIPATORY_SPLIT_REPAIR,2014,False,2418.16007124695,0.5599728339984722,12,0,0,1,0,36,181.4613272487558,route 5 leg 14 C85->D0: battery depleted,1,results/week05_infrastructure/raw/week04_generated_100_battery_60_seed_2014_or_tools_vrptw_anticipatory_split_repair.json
original,0,week04_generated_100_battery_60_seed_2014,100,60.0,GA_VRPTW_ANTICIPATORY_SPLIT_REPAIR,2014,False,8821.013019627933,8.46549712399974,90,0,0,1,0,113,494.8186551937687,route 9 leg 2 C85->D0: battery depleted,1,results/week05_infrastructure/raw/week04_generated_100_battery_60_seed_2014_ga_vrptw_anticipatory_split_repair.json
augmented,1,week04_generated_100_battery_60_seed_2014_infrastructure_augmented,100,60.0,OR_TOOLS_VRPTW_ANTICIPATORY_SPLIT_REPAIR,2014,True,2259.4860645524404,0.40797249999923224,11,0,0,0,0,35,175.14547157452742,,0,results/week05_infrastructure/raw/week04_generated_100_battery_60_seed_2014_infrastructure_augmented_or_tools_vrptw_anticipatory_split_repair.json
augmented,1,week04_generated_100_battery_60_seed_2014_infrastructure_augmented,100,60.0,GA_VRPTW_ANTICIPATORY_SPLIT_REPAIR,2014,True,8818.917059795636,8.509456750000027,90,0,0,0,0,115,500.2213215838424,,0,results/week05_infrastructure/raw/week04_generated_100_battery_60_seed_2014_infrastructure_augmented_ga_vrptw_anticipatory_split_repair.json
original,0,week04_generated_100_battery_60_seed_2015,100,60.0,OR_TOOLS_VRPTW_ANTICIPATORY_SPLIT_REPAIR,2015,False,1854.295804483222,0.3701829589990666,9,0,0,3,0,24,129.65046742313643,route 3 leg 4 C13->D0: battery depleted,3,results/week05_infrastructure/raw/week04_generated_100_battery_60_seed_2015_or_tools_vrptw_anticipatory_split_repair.json
original,0,week04_generated_100_battery_60_seed_2015,100,60.0,GA_VRPTW_ANTICIPATORY_SPLIT_REPAIR,2015,False,8703.489092024649,8.879018334000648,91,0,0,4,0,103,451.3345891322367,route 20 leg 2 C87->D0: battery depleted,4,results/week05_infrastructure/raw/week04_generated_100_battery_60_seed_2015_ga_vrptw_anticipatory_split_repair.json
augmented,4,week04_generated_100_battery_60_seed_2015_infrastructure_augmented,100,60.0,OR_TOOLS_VRPTW_ANTICIPATORY_SPLIT_REPAIR,2015,True,1514.5302303167812,0.07101687499925902,6,0,0,0,0,23,126.14940129829982,,0,results/week05_infrastructure/raw/week04_generated_100_battery_60_seed_2015_infrastructure_augmented_or_tools_vrptw_anticipatory_split_repair.json
augmented,4,week04_generated_100_battery_60_seed_2015_infrastructure_augmented,100,60.0,GA_VRPTW_ANTICIPATORY_SPLIT_REPAIR,2015,True,8326.771768073164,8.73116337600004,91,0,0,0,0,103,436.962623525537,,0,results/week05_infrastructure/raw/week04_generated_100_battery_60_seed_2015_infrastructure_augmented_ga_vrptw_anticipatory_split_repair.json
original,0,week04_generated_100_battery_60_seed_2016,100,60.0,OR_TOOLS_VRPTW_ANTICIPATORY_SPLIT_REPAIR,2016,False,2032.79355553142,0.5867690420000145,12,0,0,3,0,26,132.48868458098502,route 1 leg 5 C85->D0: battery depleted,3,results/week05_infrastructure/raw/week04_generated_100_battery_60_seed_2016_or_tools_vrptw_anticipatory_split_repair.json
original,0,week04_generated_100_battery_60_seed_2016,100,60.0,GA_VRPTW_ANTICIPATORY_SPLIT_REPAIR,2016,False,8284.275792100098,8.564226458000121,87,0,0,4,0,102,444.32417116643234,route 23 leg 2 C29->D0: battery depleted,4,results/week05_infrastructure/raw/week04_generated_100_battery_60_seed_2016_ga_vrptw_anticipatory_split_repair.json
augmented,4,week04_generated_100_battery_60_seed_2016_infrastructure_augmented,100,60.0,OR_TOOLS_VRPTW_ANTICIPATORY_SPLIT_REPAIR,2016,True,1573.5429587870797,0.15676929100118286,7,0,0,0,0,24,125.14531766914735,,0,results/week05_infrastructure/raw/week04_generated_100_battery_60_seed_2016_infrastructure_augmented_or_tools_vrptw_anticipatory_split_repair.json
augmented,4,week04_generated_100_battery_60_seed_2016_infrastructure_augmented,100,60.0,GA_VRPTW_ANTICIPATORY_SPLIT_REPAIR,2016,True,8141.590930735424,8.613310459000786,87,0,0,0,0,106,452.0336294126687,,0,results/week05_infrastructure/raw/week04_generated_100_battery_60_seed_2016_infrastructure_augmented_ga_vrptw_anticipatory_split_repair.json
original,0,week04_generated_200_battery_60_seed_2014,200,60.0,OR_TOOLS_VRPTW_ANTICIPATORY_SPLIT_REPAIR,2014,False,3229.3612142252705,3.370807291001256,18,0,0,4,0,41,216.16131682799667,route 3 leg 11 C107->D0: battery depleted,4,results/week05_infrastructure/raw/week04_generated_200_battery_60_seed_2014_or_tools_vrptw_anticipatory_split_repair.json
original,0,week04_generated_200_battery_60_seed_2014,200,60.0,GA_VRPTW_ANTICIPATORY_SPLIT_REPAIR,2014,False,17784.545894007726,23.347651499998392,184,0,0,5,0,221,964.7125452813999,route 7 leg 2 C32->D0: battery depleted,5,results/week05_infrastructure/raw/week04_generated_200_battery_60_seed_2014_ga_vrptw_anticipatory_split_repair.json
augmented,5,week04_generated_200_battery_60_seed_2014_infrastructure_augmented,200,60.0,OR_TOOLS_VRPTW_ANTICIPATORY_SPLIT_REPAIR,2014,True,2459.00272167451,0.4345812510000542,13,0,0,0,0,35,183.13199145202964,,0,results/week05_infrastructure/raw/week04_generated_200_battery_60_seed_2014_infrastructure_augmented_or_tools_vrptw_anticipatory_split_repair.json
augmented,5,week04_generated_200_battery_60_seed_2014_infrastructure_augmented,200,60.0,GA_VRPTW_ANTICIPATORY_SPLIT_REPAIR,2014,True,16667.970612060577,23.295386875002805,184,0,0,0,0,209,887.2945564922945,,0,results/week05_infrastructure/raw/week04_generated_200_battery_60_seed_2014_infrastructure_augmented_ga_vrptw_anticipatory_split_repair.json
original,0,week04_generated_200_battery_60_seed_2015,200,60.0,OR_TOOLS_VRPTW_ANTICIPATORY_SPLIT_REPAIR,2015,False,3246.7118118347407,3.4282835840003827,18,0,0,4,0,41,219.7847117546261,route 2 leg 20 C28->D0: battery depleted,4,results/week05_infrastructure/raw/week04_generated_200_battery_60_seed_2015_or_tools_vrptw_anticipatory_split_repair.json
original,0,week04_generated_200_battery_60_seed_2015,200,60.0,GA_VRPTW_ANTICIPATORY_SPLIT_REPAIR,2015,False,18987.958731111285,23.192959666001116,189,0,0,7,0,240,1048.203605529284,route 38 leg 2 C14->D0: battery depleted,7,results/week05_infrastructure/raw/week04_generated_200_battery_60_seed_2015_ga_vrptw_anticipatory_split_repair.json
augmented,7,week04_generated_200_battery_60_seed_2015_infrastructure_augmented,200,60.0,OR_TOOLS_VRPTW_ANTICIPATORY_SPLIT_REPAIR,2015,True,2635.246592811577,1.0009749160017236,14,0,0,0,0,37,196.65417894935885,,0,results/week05_infrastructure/raw/week04_generated_200_battery_60_seed_2015_infrastructure_augmented_or_tools_vrptw_anticipatory_split_repair.json
augmented,7,week04_generated_200_battery_60_seed_2015_infrastructure_augmented,200,60.0,GA_VRPTW_ANTICIPATORY_SPLIT_REPAIR,2015,True,17961.0904428101,23.88535187600064,189,0,0,0,0,230,988.8776403728763,,0,results/week05_infrastructure/raw/week04_generated_200_battery_60_seed_2015_infrastructure_augmented_ga_vrptw_anticipatory_split_repair.json
original,0,week04_generated_200_battery_60_seed_2016,200,60.0,OR_TOOLS_VRPTW_ANTICIPATORY_SPLIT_REPAIR,2016,False,3622.3570824500794,4.406330166000771,20,0,0,3,0,49,250.37125301903754,route 7 leg 14 C143->D0: battery depleted,3,results/week05_infrastructure/raw/week04_generated_200_battery_60_seed_2016_or_tools_vrptw_anticipatory_split_repair.json
original,0,week04_generated_200_battery_60_seed_2016,200,60.0,GA_VRPTW_ANTICIPATORY_SPLIT_REPAIR,2016,False,18182.114455045303,23.15001866699822,187,0,0,9,0,222,968.2186217914866,route 9 leg 2 C127->D0: battery depleted,9,results/week05_infrastructure/raw/week04_generated_200_battery_60_seed_2016_ga_vrptw_anticipatory_split_repair.json
augmented,9,week04_generated_200_battery_60_seed_2016_infrastructure_augmented,200,60.0,OR_TOOLS_VRPTW_ANTICIPATORY_SPLIT_REPAIR,2016,True,2874.325501271475,1.4974932080003782,15,0,0,0,0,42,217.57447444676538,,0,results/week05_infrastructure/raw/week04_generated_200_battery_60_seed_2016_infrastructure_augmented_or_tools_vrptw_anticipatory_split_repair.json
augmented,9,week04_generated_200_battery_60_seed_2016_infrastructure_augmented,200,60.0,GA_VRPTW_ANTICIPATORY_SPLIT_REPAIR,2016,True,17372.683184047368,24.05517779099864,187,0,0,0,0,222,940.5741629485395,,0,results/week05_infrastructure/raw/week04_generated_200_battery_60_seed_2016_infrastructure_augmented_ga_vrptw_anticipatory_split_repair.json
