instance,size,battery_capacity,method,seed,feasible,objective_value,runtime_seconds,vehicle_count,capacity_violations,time_window_violations,energy_violations,coverage_violations,charging_count,charging_time,first_infeasible_step,total_violation_count,raw_json
week04_generated_50_battery_60_seed_2014,50,60.0,OR_TOOLS_VRPTW,2014,False,653.9722577041131,0.016023000000132015,3,0,0,37,0,0,0.0,route 1 leg 5 C11->C38: battery depleted,37,results/week05/raw/week04_generated_50_battery_60_seed_2014_or_tools_vrptw.json
week04_generated_50_battery_60_seed_2014,50,60.0,OR_TOOLS_VRPTW_CHARGING_REPAIR,2014,False,653.9722577041131,0.01613066699974297,3,0,0,37,0,0,0.0,route 1 leg 5 C11->C38: battery depleted,37,results/week05/raw/week04_generated_50_battery_60_seed_2014_or_tools_vrptw_charging_repair.json
week04_generated_50_battery_60_seed_2014,50,60.0,OR_TOOLS_VRPTW_ANTICIPATORY_REPAIR,2014,False,848.0993795438166,0.01624370799981989,3,0,0,22,0,7,39.32573171837545,route 1 leg 9 C42->C8: battery depleted,22,results/week05/raw/week04_generated_50_battery_60_seed_2014_or_tools_vrptw_anticipatory_repair.json
week04_generated_50_battery_60_seed_2014,50,60.0,OR_TOOLS_VRPTW_ANTICIPATORY_SPLIT_REPAIR,2014,True,1373.442932542023,0.06695200000103796,7,0,0,0,0,20,105.86318030103993,,0,results/week05/raw/week04_generated_50_battery_60_seed_2014_or_tools_vrptw_anticipatory_split_repair.json
week04_generated_50_battery_60_seed_2014,50,60.0,GA_VRPTW,2014,False,4011.1803571839314,3.6123513329985144,47,0,0,45,0,0,0.0,route 1 leg 2 C41->D0: battery depleted,45,results/week05/raw/week04_generated_50_battery_60_seed_2014_ga_vrptw.json
week04_generated_50_battery_60_seed_2014,50,60.0,GA_VRPTW_CHARGING_REPAIR,2014,False,4215.531773372853,3.612493540998912,47,0,0,24,0,21,97.03737462806569,route 3 leg 2 C22->D0: battery depleted,24,results/week05/raw/week04_generated_50_battery_60_seed_2014_ga_vrptw_charging_repair.json
week04_generated_50_battery_60_seed_2014,50,60.0,GA_VRPTW_ANTICIPATORY_REPAIR,2014,True,4950.543143979656,3.612970582998969,47,0,0,0,0,69,294.7428131628432,,0,results/week05/raw/week04_generated_50_battery_60_seed_2014_ga_vrptw_anticipatory_repair.json
week04_generated_50_battery_60_seed_2014,50,60.0,GA_VRPTW_ANTICIPATORY_SPLIT_REPAIR,2014,True,4950.543143979656,3.613143582997509,47,0,0,0,0,69,294.7428131628432,,0,results/week05/raw/week04_generated_50_battery_60_seed_2014_ga_vrptw_anticipatory_split_repair.json
week04_generated_50_battery_60_seed_2015,50,60.0,OR_TOOLS_VRPTW,2015,False,714.4967064087914,0.022441084000092815,3,0,0,38,0,0,0.0,route 1 leg 5 C32->C8: battery depleted,38,results/week05/raw/week04_generated_50_battery_60_seed_2015_or_tools_vrptw.json
week04_generated_50_battery_60_seed_2015,50,60.0,OR_TOOLS_VRPTW_CHARGING_REPAIR,2015,False,771.6231492184854,0.022522208999362192,3,0,0,23,0,4,22.667812893905236,route 1 leg 17 C50->C18: battery depleted,23,results/week05/raw/week04_generated_50_battery_60_seed_2015_or_tools_vrptw_charging_repair.json
week04_generated_50_battery_60_seed_2015,50,60.0,OR_TOOLS_VRPTW_ANTICIPATORY_REPAIR,2015,False,898.9293242712182,0.022655667000435642,3,0,0,20,0,7,39.248026488896414,route 1 leg 20 C18->C44: battery depleted,20,results/week05/raw/week04_generated_50_battery_60_seed_2015_or_tools_vrptw_anticipatory_repair.json
week04_generated_50_battery_60_seed_2015,50,60.0,OR_TOOLS_VRPTW_ANTICIPATORY_SPLIT_REPAIR,2015,False,1380.1738370146395,0.10210004200052936,8,0,0,3,0,17,86.18181284462335,route 1 leg 20 C18->D0: battery depleted,3,results/week05/raw/week04_generated_50_battery_60_seed_2015_or_tools_vrptw_anticipatory_split_repair.json
week04_generated_50_battery_60_seed_2015,50,60.0,GA_VRPTW,2015,False,3773.1068132140226,3.615159124999991,46,0,0,36,0,0,0.0,route 2 leg 2 C39->D0: battery depleted,36,results/week05/raw/week04_generated_50_battery_60_seed_2015_ga_vrptw.json
week04_generated_50_battery_60_seed_2015,50,60.0,GA_VRPTW_CHARGING_REPAIR,2015,False,3960.5174176706437,3.6152826659999846,46,0,0,19,0,17,82.81827386582198,route 6 leg 2 C44->D0: battery depleted,19,results/week05/raw/week04_generated_50_battery_60_seed_2015_ga_vrptw_charging_repair.json
week04_generated_50_battery_60_seed_2015,50,60.0,GA_VRPTW_ANTICIPATORY_REPAIR,2015,False,4345.402000542435,3.615676708999672,46,0,0,3,0,49,213.49167529867134,route 11 leg 2 C34->D0: battery depleted,3,results/week05/raw/week04_generated_50_battery_60_seed_2015_ga_vrptw_anticipatory_repair.json
week04_generated_50_battery_60_seed_2015,50,60.0,GA_VRPTW_ANTICIPATORY_SPLIT_REPAIR,2015,False,4345.402000542435,3.6182210000006307,46,0,0,3,0,49,213.49167529867134,route 11 leg 2 C34->D0: battery depleted,3,results/week05/raw/week04_generated_50_battery_60_seed_2015_ga_vrptw_anticipatory_split_repair.json
week04_generated_50_battery_60_seed_2016,50,60.0,OR_TOOLS_VRPTW,2016,False,748.8720451623362,0.0203693330004171,4,0,0,36,0,0,0.0,route 1 leg 5 C49->C35: battery depleted,36,results/week05/raw/week04_generated_50_battery_60_seed_2016_or_tools_vrptw.json
week04_generated_50_battery_60_seed_2016,50,60.0,OR_TOOLS_VRPTW_CHARGING_REPAIR,2016,False,748.8720451623362,0.020468624999921303,4,0,0,36,0,0,0.0,route 1 leg 5 C49->C35: battery depleted,36,results/week05/raw/week04_generated_50_battery_60_seed_2016_or_tools_vrptw_charging_repair.json
week04_generated_50_battery_60_seed_2016,50,60.0,OR_TOOLS_VRPTW_ANTICIPATORY_REPAIR,2016,False,960.5236770325192,0.020615957999325474,4,0,0,11,0,12,58.93651329711436,route 2 leg 9 C45->C14: battery depleted,11,results/week05/raw/week04_generated_50_battery_60_seed_2016_or_tools_vrptw_anticipatory_repair.json
week04_generated_50_battery_60_seed_2016,50,60.0,OR_TOOLS_VRPTW_ANTICIPATORY_SPLIT_REPAIR,2016,False,1202.611481905818,0.07561566600088554,7,0,0,2,0,16,77.24785022573693,route 3 leg 7 C33->D0: battery depleted,2,results/week05/raw/week04_generated_50_battery_60_seed_2016_or_tools_vrptw_anticipatory_split_repair.json
week04_generated_50_battery_60_seed_2016,50,60.0,GA_VRPTW,2016,False,3909.415908984156,3.63787633299944,45,0,0,39,0,0,0.0,route 1 leg 2 C33->D0: battery depleted,39,results/week05/raw/week04_generated_50_battery_60_seed_2016_ga_vrptw.json
week04_generated_50_battery_60_seed_2016,50,60.0,GA_VRPTW_CHARGING_REPAIR,2016,False,4061.359393636663,3.6379995419993065,45,0,0,22,0,17,83.70747152535877,route 1 leg 2 C33->D0: battery depleted,22,results/week05/raw/week04_generated_50_battery_60_seed_2016_ga_vrptw_charging_repair.json
week04_generated_50_battery_60_seed_2016,50,60.0,GA_VRPTW_ANTICIPATORY_REPAIR,2016,False,4534.964579917276,3.6384362499993586,45,0,0,3,0,55,239.13949440406554,route 12 leg 2 C32->D0: battery depleted,3,results/week05/raw/week04_generated_50_battery_60_seed_2016_ga_vrptw_anticipatory_repair.json
week04_generated_50_battery_60_seed_2016,50,60.0,GA_VRPTW_ANTICIPATORY_SPLIT_REPAIR,2016,False,4534.964579917276,3.6418218329999945,45,0,0,3,0,55,239.13949440406554,route 12 leg 2 C32->D0: battery depleted,3,results/week05/raw/week04_generated_50_battery_60_seed_2016_ga_vrptw_anticipatory_split_repair.json
week04_generated_100_battery_60_seed_2014,100,60.0,OR_TOOLS_VRPTW,2014,False,1197.687045877769,0.08942845799901988,7,0,0,68,0,0,0.0,route 1 leg 6 C15->C47: battery depleted,68,results/week05/raw/week04_generated_100_battery_60_seed_2014_or_tools_vrptw.json
week04_generated_100_battery_60_seed_2014,100,60.0,OR_TOOLS_VRPTW_CHARGING_REPAIR,2014,False,1197.687045877769,0.08968912399905093,7,0,0,68,0,0,0.0,route 1 leg 6 C15->C47: battery depleted,68,results/week05/raw/week04_generated_100_battery_60_seed_2014_or_tools_vrptw_charging_repair.json
week04_generated_100_battery_60_seed_2014,100,60.0,OR_TOOLS_VRPTW_ANTICIPATORY_REPAIR,2014,False,1634.454120688861,0.09015404099955049,7,0,0,24,0,19,99.75755423350108,route 1 leg 21 C56->D0: battery depleted,24,results/week05/raw/week04_generated_100_battery_60_seed_2014_or_tools_vrptw_anticipatory_repair.json
week04_generated_100_battery_60_seed_2014,100,60.0,OR_TOOLS_VRPTW_ANTICIPATORY_SPLIT_REPAIR,2014,False,2418.16007124695,0.5621098329993401,12,0,0,1,0,36,181.4613272487558,route 5 leg 14 C85->D0: battery depleted,1,results/week05/raw/week04_generated_100_battery_60_seed_2014_or_tools_vrptw_anticipatory_split_repair.json
week04_generated_100_battery_60_seed_2014,100,60.0,GA_VRPTW,2014,False,7361.997496133866,8.811058833000061,90,0,0,77,0,0,0.0,route 1 leg 2 C47->D0: battery depleted,77,results/week05/raw/week04_generated_100_battery_60_seed_2014_ga_vrptw.json
week04_generated_100_battery_60_seed_2014,100,60.0,GA_VRPTW_CHARGING_REPAIR,2014,False,7790.406305512341,8.811392915999022,90,0,0,38,0,39,191.35152808886693,route 1 leg 2 C47->D0: battery depleted,38,results/week05/raw/week04_generated_100_battery_60_seed_2014_ga_vrptw_charging_repair.json
week04_generated_100_battery_60_seed_2014,100,60.0,GA_VRPTW_ANTICIPATORY_REPAIR,2014,False,8821.013019627933,8.812651042000653,90,0,0,1,0,113,494.8186551937687,route 9 leg 2 C85->D0: battery depleted,1,results/week05/raw/week04_generated_100_battery_60_seed_2014_ga_vrptw_anticipatory_repair.json
week04_generated_100_battery_60_seed_2014,100,60.0,GA_VRPTW_ANTICIPATORY_SPLIT_REPAIR,2014,False,8821.013019627933,8.83050487500077,90,0,0,1,0,113,494.8186551937687,route 9 leg 2 C85->D0: battery depleted,1,results/week05/raw/week04_generated_100_battery_60_seed_2014_ga_vrptw_anticipatory_split_repair.json
week04_generated_100_battery_60_seed_2015,100,60.0,OR_TOOLS_VRPTW,2015,False,1092.2448373846646,0.06947912500072562,6,0,0,71,0,0,0.0,route 1 leg 5 C47->C100: battery depleted,71,results/week05/raw/week04_generated_100_battery_60_seed_2015_or_tools_vrptw.json
week04_generated_100_battery_60_seed_2015,100,60.0,OR_TOOLS_VRPTW_CHARGING_REPAIR,2015,False,1113.9102941184053,0.06972125000174856,6,0,0,62,0,2,11.992545076367982,route 1 leg 5 C47->C100: battery depleted,62,results/week05/raw/week04_generated_100_battery_60_seed_2015_or_tools_vrptw_charging_repair.json
week04_generated_100_battery_60_seed_2015,100,60.0,OR_TOOLS_VRPTW_ANTICIPATORY_REPAIR,2015,False,1540.3596482422913,0.07017650000125286,6,0,0,16,0,19,103.95762008037711,route 2 leg 6 C28->C13: battery depleted,16,results/week05/raw/week04_generated_100_battery_60_seed_2015_or_tools_vrptw_anticipatory_repair.json
week04_generated_100_battery_60_seed_2015,100,60.0,OR_TOOLS_VRPTW_ANTICIPATORY_SPLIT_REPAIR,2015,False,1854.295804483222,0.36547012499977427,9,0,0,3,0,24,129.65046742313643,route 3 leg 4 C13->D0: battery depleted,3,results/week05/raw/week04_generated_100_battery_60_seed_2015_or_tools_vrptw_anticipatory_split_repair.json
week04_generated_100_battery_60_seed_2015,100,60.0,GA_VRPTW,2015,False,7475.91506360366,8.670132667000871,91,0,0,76,0,0,0.0,route 1 leg 2 C85->D0: battery depleted,76,results/week05/raw/week04_generated_100_battery_60_seed_2015_ga_vrptw.json
week04_generated_100_battery_60_seed_2015,100,60.0,GA_VRPTW_CHARGING_REPAIR,2015,False,7943.927947785765,8.670464291999451,91,0,0,35,0,41,200.62833314277984,route 5 leg 2 C74->D0: battery depleted,35,results/week05/raw/week04_generated_100_battery_60_seed_2015_ga_vrptw_charging_repair.json
week04_generated_100_battery_60_seed_2015,100,60.0,GA_VRPTW_ANTICIPATORY_REPAIR,2015,False,8703.489092024649,8.671682666999914,91,0,0,4,0,103,451.3345891322367,route 20 leg 2 C87->D0: battery depleted,4,results/week05/raw/week04_generated_100_battery_60_seed_2015_ga_vrptw_anticipatory_repair.json
week04_generated_100_battery_60_seed_2015,100,60.0,GA_VRPTW_ANTICIPATORY_SPLIT_REPAIR,2015,False,8703.489092024649,8.687530249999327,91,0,0,4,0,103,451.3345891322367,route 20 leg 2 C87->D0: battery depleted,4,results/week05/raw/week04_generated_100_battery_60_seed_2015_ga_vrptw_anticipatory_split_repair.json
week04_generated_100_battery_60_seed_2016,100,60.0,OR_TOOLS_VRPTW,2016,False,1079.1293975498672,0.07661245800045435,6,0,0,70,0,0,0.0,route 1 leg 5 C85->C30: battery depleted,70,results/week05/raw/week04_generated_100_battery_60_seed_2016_or_tools_vrptw.json
week04_generated_100_battery_60_seed_2016,100,60.0,OR_TOOLS_VRPTW_CHARGING_REPAIR,2016,False,1079.1293975498672,0.07687500000065484,6,0,0,70,0,0,0.0,route 1 leg 5 C85->C30: battery depleted,70,results/week05/raw/week04_generated_100_battery_60_seed_2016_or_tools_vrptw_charging_repair.json
week04_generated_100_battery_60_seed_2016,100,60.0,OR_TOOLS_VRPTW_ANTICIPATORY_REPAIR,2016,False,1252.6150615475995,0.0772058750008,6,0,0,40,0,9,48.78589500243169,route 1 leg 5 C85->C30: battery depleted,40,results/week05/raw/week04_generated_100_battery_60_seed_2016_or_tools_vrptw_anticipatory_repair.json
week04_generated_100_battery_60_seed_2016,100,60.0,OR_TOOLS_VRPTW_ANTICIPATORY_SPLIT_REPAIR,2016,False,2032.79355553142,0.5818328740006109,12,0,0,3,0,26,132.48868458098502,route 1 leg 5 C85->D0: battery depleted,3,results/week05/raw/week04_generated_100_battery_60_seed_2016_or_tools_vrptw_anticipatory_split_repair.json
week04_generated_100_battery_60_seed_2016,100,60.0,GA_VRPTW,2016,False,7248.390449712974,8.709245250000095,87,0,0,78,0,0,0.0,route 3 leg 2 C8->D0: battery depleted,78,results/week05/raw/week04_generated_100_battery_60_seed_2016_ga_vrptw.json
week04_generated_100_battery_60_seed_2016,100,60.0,GA_VRPTW_CHARGING_REPAIR,2016,False,7635.701415793086,8.709588417001214,87,0,0,32,0,46,221.2835484989411,route 3 leg 2 C8->D0: battery depleted,32,results/week05/raw/week04_generated_100_battery_60_seed_2016_ga_vrptw_charging_repair.json
week04_generated_100_battery_60_seed_2016,100,60.0,GA_VRPTW_ANTICIPATORY_REPAIR,2016,False,8284.275792100098,8.710724291999213,87,0,0,4,0,102,444.32417116643234,route 23 leg 2 C29->D0: battery depleted,4,results/week05/raw/week04_generated_100_battery_60_seed_2016_ga_vrptw_anticipatory_repair.json
week04_generated_100_battery_60_seed_2016,100,60.0,GA_VRPTW_ANTICIPATORY_SPLIT_REPAIR,2016,False,8284.275792100098,8.735574917000122,87,0,0,4,0,102,444.32417116643234,route 23 leg 2 C29->D0: battery depleted,4,results/week05/raw/week04_generated_100_battery_60_seed_2016_ga_vrptw_anticipatory_split_repair.json
week04_generated_200_battery_60_seed_2014,200,60.0,OR_TOOLS_VRPTW,2014,False,1816.251843690314,0.4689679580005759,13,0,0,125,0,0,0.0,route 1 leg 7 C85->C162: battery depleted,125,results/week05/raw/week04_generated_200_battery_60_seed_2014_or_tools_vrptw.json
week04_generated_200_battery_60_seed_2014,200,60.0,OR_TOOLS_VRPTW_CHARGING_REPAIR,2014,False,1816.251843690314,0.4698488330013788,13,0,0,125,0,0,0.0,route 1 leg 7 C85->C162: battery depleted,125,results/week05/raw/week04_generated_200_battery_60_seed_2014_or_tools_vrptw_charging_repair.json
week04_generated_200_battery_60_seed_2014,200,60.0,OR_TOOLS_VRPTW_ANTICIPATORY_REPAIR,2014,False,2697.611141558043,0.4716094580016943,13,0,0,28,0,33,176.69913010663564,route 3 leg 11 C107->C192: battery depleted,28,results/week05/raw/week04_generated_200_battery_60_seed_2014_or_tools_vrptw_anticipatory_repair.json
week04_generated_200_battery_60_seed_2014,200,60.0,OR_TOOLS_VRPTW_ANTICIPATORY_SPLIT_REPAIR,2014,False,3229.3612142252705,3.3750219990015466,18,0,0,4,0,41,216.16131682799667,route 3 leg 11 C107->D0: battery depleted,4,results/week05/raw/week04_generated_200_battery_60_seed_2014_or_tools_vrptw_anticipatory_split_repair.json
week04_generated_200_battery_60_seed_2014,200,60.0,GA_VRPTW,2014,False,14819.502807442323,23.36263795800005,184,0,0,145,0,0,0.0,route 1 leg 2 C55->D0: battery depleted,145,results/week05/raw/week04_generated_200_battery_60_seed_2014_ga_vrptw.json
week04_generated_200_battery_60_seed_2014,200,60.0,GA_VRPTW_CHARGING_REPAIR,2014,False,15646.983257541797,23.363611958000547,184,0,0,86,0,59,302.05205192504917,route 1 leg 2 C55->D0: battery depleted,86,results/week05/raw/week04_generated_200_battery_60_seed_2014_ga_vrptw_charging_repair.json
week04_generated_200_battery_60_seed_2014,200,60.0,GA_VRPTW_ANTICIPATORY_REPAIR,2014,False,17784.545894007726,23.368506792001426,184,0,0,5,0,221,964.7125452813999,route 7 leg 2 C32->D0: battery depleted,5,results/week05/raw/week04_generated_200_battery_60_seed_2014_ga_vrptw_anticipatory_repair.json
week04_generated_200_battery_60_seed_2014,200,60.0,GA_VRPTW_ANTICIPATORY_SPLIT_REPAIR,2014,False,17784.545894007726,23.46680824899886,184,0,0,5,0,221,964.7125452813999,route 7 leg 2 C32->D0: battery depleted,5,results/week05/raw/week04_generated_200_battery_60_seed_2014_ga_vrptw_anticipatory_split_repair.json
week04_generated_200_battery_60_seed_2015,200,60.0,OR_TOOLS_VRPTW,2015,False,1827.1139195708981,0.4351512499997625,13,0,0,131,0,0,0.0,route 1 leg 7 C140->C118: battery depleted,131,results/week05/raw/week04_generated_200_battery_60_seed_2015_or_tools_vrptw.json
week04_generated_200_battery_60_seed_2015,200,60.0,OR_TOOLS_VRPTW_CHARGING_REPAIR,2015,False,1827.1139195708981,0.43595300000015413,13,0,0,131,0,0,0.0,route 1 leg 7 C140->C118: battery depleted,131,results/week05/raw/week04_generated_200_battery_60_seed_2015_or_tools_vrptw_charging_repair.json
week04_generated_200_battery_60_seed_2015,200,60.0,OR_TOOLS_VRPTW_ANTICIPATORY_REPAIR,2015,False,2505.230106440681,0.4375845829999889,13,0,0,30,0,29,156.2021609300178,route 2 leg 20 C28->C124: battery depleted,30,results/week05/raw/week04_generated_200_battery_60_seed_2015_or_tools_vrptw_anticipatory_repair.json
week04_generated_200_battery_60_seed_2015,200,60.0,OR_TOOLS_VRPTW_ANTICIPATORY_SPLIT_REPAIR,2015,False,3246.7118118347407,3.324863499999992,18,0,0,4,0,41,219.7847117546261,route 2 leg 20 C28->D0: battery depleted,4,results/week05/raw/week04_generated_200_battery_60_seed_2015_or_tools_vrptw_anticipatory_split_repair.json
week04_generated_200_battery_60_seed_2015,200,60.0,GA_VRPTW,2015,False,15925.103429984712,23.257949875000122,189,0,0,168,0,0,0.0,route 1 leg 2 C25->D0: battery depleted,168,results/week05/raw/week04_generated_200_battery_60_seed_2015_ga_vrptw.json
week04_generated_200_battery_60_seed_2015,200,60.0,GA_VRPTW_CHARGING_REPAIR,2015,False,16873.23684875565,23.25906329099962,189,0,0,86,0,82,393.06352069006425,route 1 leg 2 C25->D0: battery depleted,86,results/week05/raw/week04_generated_200_battery_60_seed_2015_ga_vrptw_charging_repair.json
week04_generated_200_battery_60_seed_2015,200,60.0,GA_VRPTW_ANTICIPATORY_REPAIR,2015,False,18987.958731111285,23.263945792001323,189,0,0,7,0,240,1048.203605529284,route 38 leg 2 C14->D0: battery depleted,7,results/week05/raw/week04_generated_200_battery_60_seed_2015_ga_vrptw_anticipatory_repair.json
week04_generated_200_battery_60_seed_2015,200,60.0,GA_VRPTW_ANTICIPATORY_SPLIT_REPAIR,2015,False,18987.958731111285,23.33329570800015,189,0,0,7,0,240,1048.203605529284,route 38 leg 2 C14->D0: battery depleted,7,results/week05/raw/week04_generated_200_battery_60_seed_2015_ga_vrptw_anticipatory_split_repair.json
week04_generated_200_battery_60_seed_2016,200,60.0,OR_TOOLS_VRPTW,2016,False,1921.9294461990874,0.3474291250004171,13,0,0,126,0,0,0.0,route 1 leg 4 C124->C28: battery depleted,126,results/week05/raw/week04_generated_200_battery_60_seed_2016_or_tools_vrptw.json
week04_generated_200_battery_60_seed_2016,200,60.0,OR_TOOLS_VRPTW_CHARGING_REPAIR,2016,False,1921.9294461990874,0.34819304200027545,13,0,0,126,0,0,0.0,route 1 leg 4 C124->C28: battery depleted,126,results/week05/raw/week04_generated_200_battery_60_seed_2016_or_tools_vrptw_charging_repair.json
week04_generated_200_battery_60_seed_2016,200,60.0,OR_TOOLS_VRPTW_ANTICIPATORY_REPAIR,2016,False,2620.190052894086,0.3498550840013195,13,0,0,35,0,29,149.92628670047796,route 1 leg 15 C82->C170: battery depleted,35,results/week05/raw/week04_generated_200_battery_60_seed_2016_or_tools_vrptw_anticipatory_repair.json
week04_generated_200_battery_60_seed_2016,200,60.0,OR_TOOLS_VRPTW_ANTICIPATORY_SPLIT_REPAIR,2016,False,3622.3570824500794,4.283160124999995,20,0,0,3,0,49,250.37125301903754,route 7 leg 14 C143->D0: battery depleted,3,results/week05/raw/week04_generated_200_battery_60_seed_2016_or_tools_vrptw_anticipatory_split_repair.json
week04_generated_200_battery_60_seed_2016,200,60.0,GA_VRPTW,2016,False,15469.077046311444,23.405595500000345,187,0,0,158,0,0,0.0,route 1 leg 2 C152->D0: battery depleted,158,results/week05/raw/week04_generated_200_battery_60_seed_2016_ga_vrptw.json
week04_generated_200_battery_60_seed_2016,200,60.0,GA_VRPTW_CHARGING_REPAIR,2016,False,16367.343684454358,23.406650458000513,187,0,0,82,0,76,376.5679320214365,route 2 leg 2 C60->D0: battery depleted,82,results/week05/raw/week04_generated_200_battery_60_seed_2016_ga_vrptw_charging_repair.json
week04_generated_200_battery_60_seed_2016,200,60.0,GA_VRPTW_ANTICIPATORY_REPAIR,2016,False,18182.114455045303,23.411262250001528,187,0,0,9,0,222,968.2186217914866,route 9 leg 2 C127->D0: battery depleted,9,results/week05/raw/week04_generated_200_battery_60_seed_2016_ga_vrptw_anticipatory_repair.json
week04_generated_200_battery_60_seed_2016,200,60.0,GA_VRPTW_ANTICIPATORY_SPLIT_REPAIR,2016,False,18182.114455045303,23.489643208000416,187,0,0,9,0,222,968.2186217914866,route 9 leg 2 C127->D0: battery depleted,9,results/week05/raw/week04_generated_200_battery_60_seed_2016_ga_vrptw_anticipatory_split_repair.json
