battery_capacity,size,method,runs,feasible_runs,feasible_rate,best_feasible_objective,avg_feasible_objective,objective_stddev,avg_runtime_seconds,avg_total_violation_count,avg_capacity_violations,avg_time_window_violations,avg_energy_violations,avg_charging_count,avg_charging_time
60.0,50,GA_VRPTW,3,0,0.0,,,,3.656535319333974,40.0,0.0,0.0,40.0,0.0,0.0
60.0,50,GA_VRPTW_ANTICIPATORY_REPAIR,3,1,0.3333333333333333,4950.543143979656,4950.543143979656,,3.657121347001521,2.0,0.0,0.0,2.0,57.666666666666664,249.12466095519335
60.0,50,GA_VRPTW_CHARGING_REPAIR,3,0,0.0,,,,3.6566704583431906,21.666666666666668,0.0,0.0,21.666666666666668,18.333333333333332,87.8543733397488
60.0,50,OR_TOOLS_VRPTW,3,0,0.0,,,,0.02040058366643886,37.0,0.0,0.0,37.0,0.0,0.0
60.0,50,OR_TOOLS_VRPTW_ANTICIPATORY_REPAIR,3,0,0.0,,,,0.02063394499903855,17.666666666666668,0.0,0.0,17.666666666666668,8.666666666666666,45.83675716812874
60.0,50,OR_TOOLS_VRPTW_CHARGING_REPAIR,3,0,0.0,,,,0.020496791665209457,32.0,0.0,0.0,32.0,1.3333333333333333,7.555937631301745
60.0,100,GA_VRPTW,3,0,0.0,,,,8.733473333665946,77.0,0.0,0.0,77.0,0.0,0.0
60.0,100,GA_VRPTW_ANTICIPATORY_REPAIR,3,0,0.0,,,,8.73503815298318,3.0,0.0,0.0,3.0,106.0,463.4924718308126
60.0,100,GA_VRPTW_CHARGING_REPAIR,3,0,0.0,,,,8.733817250002176,35.0,0.0,0.0,35.0,42.0,204.42113657686264
60.0,100,OR_TOOLS_VRPTW,3,0,0.0,,,,0.07990895831608213,69.66666666666667,0.0,0.0,69.66666666666667,0.0,0.0
60.0,100,OR_TOOLS_VRPTW_ANTICIPATORY_REPAIR,3,0,0.0,,,,0.08060576398080836,26.666666666666668,0.0,0.0,26.666666666666668,15.666666666666666,84.16702310543663
60.0,100,OR_TOOLS_VRPTW_CHARGING_REPAIR,3,0,0.0,,,,0.0801663473151469,66.66666666666667,0.0,0.0,66.66666666666667,0.6666666666666666,3.997515025455994
60.0,200,GA_VRPTW,3,0,0.0,,,,23.396214986326715,157.0,0.0,0.0,157.0,0.0,0.0
60.0,200,GA_VRPTW_ANTICIPATORY_REPAIR,3,0,0.0,,,,23.40214823599672,7.0,0.0,0.0,7.0,227.66666666666666,993.7115908673901
60.0,200,GA_VRPTW_CHARGING_REPAIR,3,0,0.0,,,,23.397311944660032,84.66666666666667,0.0,0.0,84.66666666666667,72.33333333333333,357.22783487885
60.0,200,OR_TOOLS_VRPTW,3,0,0.0,,,,0.4025770136601447,127.33333333333333,0.0,0.0,127.33333333333333,0.0,0.0
60.0,200,OR_TOOLS_VRPTW_ANTICIPATORY_REPAIR,3,0,0.0,,,,0.4050098886655178,31.0,0.0,0.0,31.0,30.333333333333332,160.94252591237714
60.0,200,OR_TOOLS_VRPTW_CHARGING_REPAIR,3,0,0.0,,,,0.4033728333209486,127.33333333333333,0.0,0.0,127.33333333333333,0.0,0.0
80.0,50,GA_VRPTW,3,0,0.0,,,,3.632901513997543,26.666666666666668,0.0,0.0,26.666666666666668,0.0,0.0
80.0,50,GA_VRPTW_ANTICIPATORY_REPAIR,3,3,1.0,3728.526986852009,3928.120362623186,172.92456887298812,3.6332290419959463,0.0,0.0,0.0,0.0,29.333333333333332,181.43306123626562
80.0,50,GA_VRPTW_CHARGING_REPAIR,3,0,0.0,,,,3.633002235660873,2.6666666666666665,0.0,0.0,2.6666666666666665,24.0,157.1061669283162
80.0,50,OR_TOOLS_VRPTW,3,0,0.0,,,,0.020161222346359864,32.0,0.0,0.0,32.0,0.0,0.0
80.0,50,OR_TOOLS_VRPTW_ANTICIPATORY_REPAIR,3,3,1.0,904.6834593265988,954.6149629693601,48.47116031189834,0.020398708341720823,0.0,0.0,0.0,0.0,11.0,76.36538053210957
80.0,50,OR_TOOLS_VRPTW_CHARGING_REPAIR,3,0,0.0,,,,0.0202465976763051,28.0,0.0,0.0,28.0,0.6666666666666666,5.279965851661028
80.0,100,GA_VRPTW,3,0,0.0,,,,8.604622791676471,48.666666666666664,0.0,0.0,48.666666666666664,0.0,0.0
80.0,100,GA_VRPTW_ANTICIPATORY_REPAIR,3,3,1.0,7352.799126785542,7486.859466221819,169.47808837434738,8.605636749678524,0.0,0.0,0.0,0.0,55.333333333333336,332.26199977754635
80.0,100,GA_VRPTW_CHARGING_REPAIR,3,0,0.0,,,,8.60486938902371,6.666666666666667,0.0,0.0,6.666666666666667,42.0,269.57489499516765
80.0,100,OR_TOOLS_VRPTW,3,0,0.0,,,,0.07968334700368966,57.0,0.0,0.0,57.0,0.0,0.0
80.0,100,OR_TOOLS_VRPTW_ANTICIPATORY_REPAIR,3,3,1.0,1408.962946140728,1489.6533895188068,76.19675819467693,0.08034034701025423,0.0,0.0,0.0,0.0,16.333333333333332,113.28425724993708
80.0,100,OR_TOOLS_VRPTW_CHARGING_REPAIR,3,0,0.0,,,,0.07991166601035123,57.0,0.0,0.0,57.0,0.0,0.0
80.0,200,GA_VRPTW,3,0,0.0,,,,23.25665173633024,106.0,0.0,0.0,106.0,0.0,0.0
80.0,200,GA_VRPTW_ANTICIPATORY_REPAIR,3,3,1.0,15126.726624666588,15906.774523225233,679.4173009305504,23.260160486330278,0.0,0.0,0.0,0.0,118.33333333333333,735.7467144478845
80.0,200,GA_VRPTW_CHARGING_REPAIR,3,0,0.0,,,,23.25743962532336,12.333333333333334,0.0,0.0,12.333333333333334,93.66666666666667,618.609228236091
80.0,200,OR_TOOLS_VRPTW,3,0,0.0,,,,0.40210438866051845,83.66666666666667,0.0,0.0,83.66666666666667,0.0,0.0
80.0,200,OR_TOOLS_VRPTW_ANTICIPATORY_REPAIR,3,3,1.0,2542.118614018142,2569.7556267786763,24.061378979428074,0.40431018033026095,0.0,0.0,0.0,0.0,25.666666666666668,186.23801222925655
80.0,200,OR_TOOLS_VRPTW_CHARGING_REPAIR,3,0,0.0,,,,0.40263066631935845,81.66666666666667,0.0,0.0,81.66666666666667,0.3333333333333333,2.563847856216814
100.0,50,GA_VRPTW,3,0,0.0,,,,3.764812986337347,10.666666666666666,0.0,0.0,10.666666666666666,0.0,0.0
100.0,50,GA_VRPTW_ANTICIPATORY_REPAIR,3,3,1.0,2995.758620383644,3239.956926950443,213.66640049912198,3.7650583056674805,0.0,0.0,0.0,0.0,10.666666666666666,78.64511959701805
100.0,50,GA_VRPTW_CHARGING_REPAIR,3,3,1.0,2995.758620383644,3239.956926950443,213.66640049912198,3.7648752223273427,0.0,0.0,0.0,0.0,10.666666666666666,78.64511959701805
100.0,50,OR_TOOLS_VRPTW,3,0,0.0,,,,0.022988792004374165,25.0,0.0,0.0,25.0,0.0,0.0
100.0,50,OR_TOOLS_VRPTW_ANTICIPATORY_REPAIR,3,3,1.0,747.9019665583546,857.7203830424536,99.5725326852341,0.0232609166802528,0.0,0.0,0.0,0.0,7.333333333333333,66.2259939603125
100.0,50,OR_TOOLS_VRPTW_CHARGING_REPAIR,3,0,0.0,,,,0.02306640300472888,22.333333333333332,0.0,0.0,22.333333333333332,0.3333333333333333,3.194062946856572
100.0,100,GA_VRPTW,3,0,0.0,,,,9.449378333005976,22.666666666666668,0.0,0.0,22.666666666666668,0.0,0.0
100.0,100,GA_VRPTW_ANTICIPATORY_REPAIR,3,3,1.0,6426.952613060876,6499.927413327663,82.27513997990393,9.45011702766836,0.0,0.0,0.0,0.0,22.666666666666668,168.90574773669206
100.0,100,GA_VRPTW_CHARGING_REPAIR,3,3,1.0,6426.952613060876,6499.927413327663,82.27513997990393,9.449601652333513,0.0,0.0,0.0,0.0,22.666666666666668,168.90574773669206
100.0,100,OR_TOOLS_VRPTW,3,0,0.0,,,,0.0834120139964701,45.666666666666664,0.0,0.0,45.666666666666664,0.0,0.0
100.0,100,OR_TOOLS_VRPTW_ANTICIPATORY_REPAIR,3,3,1.0,1345.9661575769712,1372.0259932606002,42.133421814127736,0.08404741667133446,0.0,0.0,0.0,0.0,10.666666666666666,94.78628443158276
100.0,100,OR_TOOLS_VRPTW_CHARGING_REPAIR,3,0,0.0,,,,0.08363308398596321,41.0,0.0,0.0,41.0,1.0,9.379052423648119
100.0,200,GA_VRPTW,3,0,0.0,,,,24.162311944324756,48.666666666666664,0.0,0.0,48.666666666666664,0.0,0.0
100.0,200,GA_VRPTW_ANTICIPATORY_REPAIR,3,3,1.0,13317.743194226035,13858.125677749822,601.9643988933453,24.164961652325776,0.0,0.0,0.0,0.0,48.666666666666664,355.9370399468553
100.0,200,GA_VRPTW_CHARGING_REPAIR,3,3,1.0,13317.743194226035,13858.125677749822,601.9643988933453,24.16271715298838,0.0,0.0,0.0,0.0,48.666666666666664,355.9370399468553
100.0,200,OR_TOOLS_VRPTW,3,0,0.0,,,,0.4383539029901537,52.0,0.0,0.0,52.0,0.0,0.0
100.0,200,OR_TOOLS_VRPTW_ANTICIPATORY_REPAIR,3,3,1.0,2265.535378825076,2339.2893432671353,125.7904408643567,0.4405368336495788,0.0,0.0,0.0,0.0,16.333333333333332,149.36063979835924
100.0,200,OR_TOOLS_VRPTW_CHARGING_REPAIR,3,0,0.0,,,,0.4387479449893969,48.0,0.0,0.0,48.0,1.6666666666666667,15.445786007591929
120.0,50,GA_VRPTW,3,0,0.0,,,,3.8807315696709943,2.0,0.0,0.0,2.0,0.0,0.0
120.0,50,GA_VRPTW_ANTICIPATORY_REPAIR,3,3,1.0,2563.6713120840673,2665.872470582477,129.61142474738745,3.8811005139917447,0.0,0.0,0.0,0.0,2.0,17.285106913999808
120.0,50,GA_VRPTW_CHARGING_REPAIR,3,3,1.0,2563.6713120840673,2665.872470582477,129.61142474738745,3.880796916676142,0.0,0.0,0.0,0.0,2.0,17.285106913999808
120.0,50,OR_TOOLS_VRPTW,3,0,0.0,,,,0.021219847005947184,21.0,0.0,0.0,21.0,0.0,0.0
120.0,50,OR_TOOLS_VRPTW_ANTICIPATORY_REPAIR,3,3,1.0,692.583423098852,777.2172581002433,73.58401855508961,0.02141983332694508,0.0,0.0,0.0,0.0,4.666666666666667,50.36770004076629
120.0,50,OR_TOOLS_VRPTW_CHARGING_REPAIR,3,0,0.0,,,,0.021284972346620634,18.0,0.0,0.0,18.0,0.6666666666666666,7.146878101719667
120.0,100,GA_VRPTW,3,0,0.0,,,,8.866972986337109,5.666666666666667,0.0,0.0,5.666666666666667,0.0,0.0
120.0,100,GA_VRPTW_ANTICIPATORY_REPAIR,3,3,1.0,5442.938452437643,5622.124182035281,163.8041754927622,8.867615375337968,0.0,0.0,0.0,0.0,5.666666666666667,48.33199105738867
120.0,100,GA_VRPTW_CHARGING_REPAIR,3,3,1.0,5442.938452437643,5622.124182035281,163.8041754927622,8.867046292007823,0.0,0.0,0.0,0.0,5.666666666666667,48.33199105738867
120.0,100,OR_TOOLS_VRPTW,3,0,0.0,,,,0.09142283299782623,34.333333333333336,0.0,0.0,34.333333333333336,0.0,0.0
120.0,100,OR_TOOLS_VRPTW_ANTICIPATORY_REPAIR,3,3,1.0,1193.2254067412769,1252.1144278463828,66.9667482330209,0.09203391699702479,0.0,0.0,0.0,0.0,7.0,76.3146260345721
120.0,100,OR_TOOLS_VRPTW_CHARGING_REPAIR,3,0,0.0,,,,0.09155868032636742,28.666666666666668,0.0,0.0,28.666666666666668,1.0,11.543945559871554
120.0,200,GA_VRPTW,3,0,0.0,,,,23.40446447232777,8.333333333333334,0.0,0.0,8.333333333333334,0.0,0.0
120.0,200,GA_VRPTW_ANTICIPATORY_REPAIR,3,3,1.0,11314.035553968959,12066.539886085244,703.5697765948212,23.406642346992157,0.0,0.0,0.0,0.0,8.333333333333334,71.60989722761416
120.0,200,GA_VRPTW_CHARGING_REPAIR,3,3,1.0,11314.035553968959,12066.539886085244,703.5697765948212,23.40461062567192,0.0,0.0,0.0,0.0,8.333333333333334,71.60989722761416
120.0,200,OR_TOOLS_VRPTW,3,0,0.0,,,,0.4144872503335743,30.666666666666668,0.0,0.0,30.666666666666668,0.0,0.0
120.0,200,OR_TOOLS_VRPTW_ANTICIPATORY_REPAIR,3,3,1.0,2015.446607997418,2077.3094994751855,69.35529439440155,0.41642441699514166,0.0,0.0,0.0,0.0,10.0,110.24675474401526
120.0,200,OR_TOOLS_VRPTW_CHARGING_REPAIR,3,0,0.0,,,,0.4147229166604423,26.666666666666668,0.0,0.0,26.666666666666668,1.3333333333333333,14.193401133943205
